soc_code_clean,high_exposure_score,low_exposure_score,ai_exposure_score,soc_code,occupation_title
11-1011,3.2025,2.7616666666666667,0.4408333333333334,11-1011,Chief Executives
11-1021,3.1525,2.625,0.5274999999999999,11-1021,General and Operations Managers
11-2011,3.465,2.04,1.4249999999999998,11-2011,Advertising and Promotions Managers
11-2021,2.9025,2.2283333333333335,0.6741666666666664,11-2021,Marketing Managers
11-2022,2.8875,2.058333333333333,0.829166666666667,11-2022,Sales Managers
11-2032,2.7225,1.8716666666666668,0.8508333333333333,11-2032,Public Relations Managers
11-2033,3.2600000000000002,1.8066666666666666,1.4533333333333336,11-2033,Fundraising Managers
11-3012,3.3575,2.671666666666667,0.6858333333333331,11-3012,Administrative Services Managers
11-3013,2.99,3.2516666666666665,-0.26166666666666627,11-3013,Facilities Managers
11-3021,3.1399999999999997,1.8716666666666668,1.2683333333333329,11-3021,Computer and Information Systems Managers
11-3031,3.5733333333333337,1.7622222222222221,1.8111111111111116,11-3031,Financial Managers
11-3051,3.217083333333333,2.895277777777778,0.32180555555555523,11-3051,Industrial Production Managers
11-3061,3.5250000000000004,2.4899999999999998,1.0350000000000006,11-3061,Purchasing Managers
11-3071,3.225,2.908333333333333,0.3166666666666669,11-3071,"Transportation, Storage, and Distribution Managers"
11-3111,3.1425,1.7433333333333334,1.3991666666666667,11-3111,Compensation and Benefits Managers
11-3121,2.91,2.33,0.5800000000000001,11-3121,Human Resources Managers
11-3131,2.63,1.7516666666666667,0.8783333333333332,11-3131,Training and Development Managers
11-9013,3.0475,2.7783333333333338,0.2691666666666661,11-9013,"Farmers, Ranchers, and Other Agricultural Managers"
11-9021,3.65,3.4499999999999997,0.20000000000000018,11-9021,Construction Managers
11-9031,3.2424999999999997,2.5166666666666666,0.7258333333333331,11-9031,"Education and Childcare Administrators, Preschool and Daycare"
11-9032,2.89,2.4683333333333333,0.42166666666666686,11-9032,"Education Administrators, Kindergarten through Secondary"
11-9033,3.0625,2.255,0.8075000000000001,11-9033,"Education Administrators, Postsecondary"
11-9041,3.1125,2.6908333333333334,0.4216666666666664,11-9041,Architectural and Engineering Managers
11-9051,3.1425,2.4766666666666666,0.6658333333333335,11-9051,Food Service Managers
11-9071,3.7375,2.4766666666666666,1.2608333333333333,11-9071,Gambling Managers
11-9072,2.9025,2.6950000000000003,0.20749999999999957,11-9072,"Entertainment and Recreation Managers, Except Gambling"
11-9081,4.135,2.8866666666666667,1.248333333333333,11-9081,Lodging Managers
11-9111,3.54,2.4366666666666665,1.1033333333333335,11-9111,Medical and Health Services Managers
11-9121,3.0366666666666666,2.2088888888888887,0.827777777777778,11-9121,Natural Sciences Managers
11-9131,3.435,2.981666666666667,0.45333333333333314,11-9131,Postmasters and Mail Superintendents
11-9141,3.41,2.92,0.4900000000000002,11-9141,"Property, Real Estate, and Community Association Managers"
11-9151,3.2199999999999998,2.8333333333333335,0.38666666666666627,11-9151,Social and Community Service Managers
11-9161,3.055,3.205,-0.1499999999999999,11-9161,Emergency Management Directors
11-9171,3.5775,2.686666666666667,0.8908333333333331,11-9171,Funeral Home Managers
11-9179,3.09,2.415,0.6749999999999998,11-9179,"Personal Service Managers, All Other"
11-9199,3.0270833333333336,2.5244444444444443,0.5026388888888893,11-9199,"Managers, All Other"
13-1011,2.84,1.805,1.035,13-1011,"Agents and Business Managers of Artists, Performers, and Athletes"
13-1031,3.4875,2.6,0.8874999999999997,13-1031,"Claims Adjusters, Examiners, and Investigators"
13-1032,2.865,2.3183333333333334,0.5466666666666669,13-1032,"Insurance Appraisers, Auto Damage"
13-1041,2.932857142857143,2.4873809523809522,0.4454761904761906,13-1041,Compliance Officers
13-1051,3.6550000000000002,2.4250000000000003,1.23,13-1051,Cost Estimators
13-1071,2.6875,1.8150000000000002,0.8724999999999998,13-1071,Human Resources Specialists
13-1074,3.55,2.705,0.8449999999999998,13-1074,Farm Labor Contractors
13-1075,2.585,2.0083333333333333,0.5766666666666667,13-1075,Labor Relations Specialists
13-1081,3.376666666666667,2.6594444444444445,0.7172222222222224,13-1081,Logisticians
13-1082,2.98,1.9649999999999999,1.0150000000000001,13-1082,Project Management Specialists
13-1111,3.3525,2.39,0.9624999999999999,13-1111,Management Analysts
13-1121,3.06,2.526666666666667,0.5333333333333332,13-1121,"Meeting, Convention, and Event Planners"
13-1131,3.105,1.9633333333333332,1.1416666666666668,13-1131,Fundraisers
13-1141,3.31,2.04,1.27,13-1141,"Compensation, Benefits, and Job Analysis Specialists"
13-1151,2.545,2.0516666666666667,0.4933333333333332,13-1151,Training and Development Specialists
13-1161,2.9925,1.5233333333333334,1.4691666666666667,13-1161,Market Research Analysts and Marketing Specialists
13-1199,2.9006250000000002,2.459166666666667,0.4414583333333333,13-1199,"Business Operations Specialists, All Other"
13-2011,3.56,1.7533333333333332,1.8066666666666669,13-2011,Accountants and Auditors
13-2031,3.7975,1.6833333333333333,2.1141666666666667,13-2031,Budget Analysts
13-2041,3.5625,1.6583333333333332,1.9041666666666668,13-2041,Credit Analysts
13-2052,3.3200000000000003,1.8583333333333334,1.461666666666667,13-2052,Personal Financial Advisors
13-2053,2.9,1.95,0.95,13-2053,Insurance Underwriters
13-2061,3.0875,1.45,1.6375,13-2061,Financial Examiners
13-2071,3.3775,2.2449999999999997,1.1325000000000003,13-2071,Credit Counselors
13-2072,3.2775,2.078333333333333,1.1991666666666667,13-2072,Loan Officers
13-2081,3.4525,2.058333333333333,1.394166666666667,13-2081,"Tax Examiners and Collectors, and Revenue Agents"
13-2082,3.55,1.7283333333333335,1.8216666666666663,13-2082,Tax Preparers
13-2099,3.32625,1.5725,1.75375,13-2099,"Financial Specialists, All Other"
15-1211,3.14875,1.9591666666666667,1.1895833333333334,15-1211,Computer Systems Analysts
15-1212,3.05,2.07,0.98,15-1212,Information Security Analysts
15-1221,3.3475,1.89,1.4575000000000002,15-1221,Computer and Information Research Scientists
15-1231,3.0250000000000004,2.013333333333333,1.0116666666666672,15-1231,Computer Network Support Specialists
15-1232,3.25,2.5116666666666667,0.7383333333333333,15-1232,Computer User Support Specialists
15-1241,3.195,2.4933333333333336,0.7016666666666662,15-1241,Computer Network Architects
15-1242,3.3449999999999998,2.0866666666666664,1.2583333333333333,15-1242,Database Administrators
15-1243,2.9074999999999998,1.4058333333333335,1.5016666666666663,15-1243,Database Architects
15-1244,2.94,1.8833333333333335,1.0566666666666664,15-1244,Network and Computer Systems Administrators
15-1251,3.4025,1.6766666666666667,1.725833333333333,15-1251,Computer Programmers
15-1252,3.2275,1.9016666666666666,1.3258333333333334,15-1252,Software Developers
15-1253,2.9400000000000004,1.5616666666666665,1.3783333333333339,15-1253,Software Quality Assurance Analysts and Testers
15-1254,2.965,1.5333333333333332,1.4316666666666666,15-1254,Web Developers
15-1255,2.83875,1.455,1.38375,15-1255,Web and Digital Interface Designers
15-1299,3.091666666666667,2.020185185185185,1.0714814814814817,15-1299,"Computer Occupations, All Other"
15-2011,3.7725,1.4100000000000001,2.3625,15-2011,Actuaries
15-2021,3.0374999999999996,1.45,1.5874999999999997,15-2021,Mathematicians
15-2031,3.245,1.7783333333333333,1.4666666666666668,15-2031,Operations Research Analysts
15-2041,3.2350000000000003,1.5250000000000001,1.7100000000000002,15-2041,Statisticians
15-2051,3.1208333333333336,1.643888888888889,1.4769444444444446,15-2051,Data Scientists
15-2099,3.3625,1.695,1.6674999999999998,15-2099,"Mathematical Science Occupations, All Other"
17-1011,3.215,3.2733333333333334,-0.05833333333333357,17-1011,"Architects, Except Landscape and Naval"
17-1012,2.865,2.986666666666667,-0.12166666666666659,17-1012,Landscape Architects
17-1021,2.8575,2.0116666666666667,0.8458333333333332,17-1021,Cartographers and Photogrammetrists
17-1022,3.4450000000000003,2.5116666666666667,0.9333333333333336,17-1022,Surveyors
17-2011,3.0675,2.231666666666667,0.835833333333333,17-2011,Aerospace Engineers
17-2021,3.495,2.8349999999999995,0.6600000000000006,17-2021,Agricultural Engineers
17-2031,3.3375,2.2133333333333334,1.1241666666666665,17-2031,Bioengineers and Biomedical Engineers
17-2041,2.9775,2.233333333333333,0.7441666666666671,17-2041,Chemical Engineers
17-2051,3.2458333333333336,3.0011111111111113,0.24472222222222229,17-2051,Civil Engineers
17-2061,3.2649999999999997,1.7616666666666667,1.503333333333333,17-2061,Computer Hardware Engineers
17-2071,3.4,2.5283333333333333,0.8716666666666666,17-2071,Electrical Engineers
17-2072,3.20625,2.2883333333333336,0.9179166666666663,17-2072,"Electronics Engineers, Except Computer"
17-2081,3.2825,2.873333333333333,0.4091666666666671,17-2081,Environmental Engineers
17-2111,3.0825,3.1758333333333333,-0.09333333333333327,17-2111,"Health and Safety Engineers, Except Mining Safety Engineers and Inspectors"
17-2112,3.0681249999999998,2.5883333333333334,0.4797916666666664,17-2112,Industrial Engineers
17-2121,3.0925000000000002,3.1633333333333336,-0.0708333333333333,17-2121,Marine Engineers and Naval Architects
17-2131,3.1075,2.1216666666666666,0.9858333333333333,17-2131,Materials Engineers
17-2141,3.144166666666667,2.5716666666666668,0.5725000000000002,17-2141,Mechanical Engineers
17-2151,3.5125,2.4066666666666667,1.1058333333333334,17-2151,"Mining and Geological Engineers, Including Mining Safety Engineers"
17-2161,3.1,2.6750000000000003,0.4249999999999998,17-2161,Nuclear Engineers
17-2171,3.505,2.0966666666666667,1.4083333333333332,17-2171,Petroleum Engineers
17-2199,3.2165625,2.3858333333333333,0.830729166666667,17-2199,"Engineers, All Other"
17-3011,2.9525,2.69,0.2625000000000002,17-3011,Architectural and Civil Drafters
17-3012,3.2125,2.3583333333333334,0.8541666666666665,17-3012,Electrical and Electronics Drafters
17-3013,2.8875,2.316666666666667,0.5708333333333333,17-3013,Mechanical Drafters
17-3021,3.11,2.5883333333333334,0.5216666666666665,17-3021,Aerospace Engineering and Operations Technologists and Technicians
17-3022,3.46,3.14,0.31999999999999984,17-3022,Civil Engineering Technologists and Technicians
17-3023,2.885,2.4083333333333337,0.47666666666666613,17-3023,Electrical and Electronic Engineering Technologists and Technicians
17-3024,2.8775,2.250833333333333,0.6266666666666669,17-3024,Electro-Mechanical and Mechatronics Technologists and Technicians
17-3025,2.725,2.7183333333333337,0.0066666666666663765,17-3025,Environmental Engineering Technologists and Technicians
17-3026,3.31875,2.4683333333333333,0.8504166666666668,17-3026,Industrial Engineering Technologists and Technicians
17-3027,3.125,2.5966666666666667,0.5283333333333333,17-3027,Mechanical Engineering Technologists and Technicians
17-3029,3.0300000000000002,2.558333333333333,0.4716666666666671,17-3029,"Engineering Technologists and Technicians, Except Drafters, All Other"
17-3031,3.01,2.43,0.5799999999999996,17-3031,Surveying and Mapping Technicians
19-1011,3.085,2.1483333333333334,0.9366666666666665,19-1011,Animal Scientists
19-1012,3.12,2.275,0.8450000000000002,19-1012,Food Scientists and Technologists
19-1013,3.2024999999999997,2.2866666666666666,0.915833333333333,19-1013,Soil and Plant Scientists
19-1021,2.925,1.7916666666666667,1.133333333333333,19-1021,Biochemists and Biophysicists
19-1022,2.98,2.138333333333333,0.8416666666666668,19-1022,Microbiologists
19-1023,2.93,2.145,0.7850000000000001,19-1023,Zoologists and Wildlife Biologists
19-1029,2.92625,1.7354166666666666,1.1908333333333334,19-1029,"Biological Scientists, All Other"
19-1031,2.7433333333333336,2.342777777777778,0.40055555555555555,19-1031,Conservation Scientists
19-1032,3.3125,2.5233333333333334,0.7891666666666666,19-1032,Foresters
19-1041,3.0999999999999996,1.8499999999999999,1.2499999999999998,19-1041,Epidemiologists
19-1042,2.515,1.6383333333333334,0.8766666666666667,19-1042,"Medical Scientists, Except Epidemiologists"
19-2011,3.2475,1.6583333333333332,1.5891666666666668,19-2011,Astronomers
19-2012,3.16,1.7566666666666666,1.4033333333333335,19-2012,Physicists
19-2021,3.2350000000000003,1.8033333333333335,1.4316666666666669,19-2021,Atmospheric and Space Scientists
19-2031,3.13,2.0749999999999997,1.0550000000000002,19-2031,Chemists
19-2032,3.11,2.155,0.9550000000000001,19-2032,Materials Scientists
19-2041,2.881875,2.13125,0.7506249999999999,19-2041,"Environmental Scientists and Specialists, Including Health"
19-2042,2.9925,2.183333333333333,0.809166666666667,19-2042,"Geoscientists, Except Hydrologists and Geographers"
19-2043,2.8899999999999997,1.9416666666666667,0.948333333333333,19-2043,Hydrologists
19-2099,3.2,2.0850000000000004,1.1149999999999998,19-2099,"Physical Scientists, All Other"
19-3011,3.685,1.3958333333333333,2.2891666666666666,19-3011,Economists
19-3022,3.185,1.7266666666666666,1.4583333333333335,19-3022,Survey Researchers
19-3032,2.9325,1.9283333333333335,1.0041666666666667,19-3032,Industrial-Organizational Psychologists
19-3033,2.3875,2.3666666666666667,0.02083333333333348,19-3033,Clinical and Counseling Psychologists
19-3034,2.6625,2.3633333333333333,0.2991666666666668,19-3034,School Psychologists
19-3039,2.9250000000000003,2.3816666666666664,0.5433333333333339,19-3039,"Psychologists, All Other"
19-3041,2.7425,1.545,1.1975000000000002,19-3041,Sociologists
19-3051,2.77,2.486666666666667,0.2833333333333332,19-3051,Urban and Regional Planners
19-3091,2.475,1.6583333333333332,0.8166666666666669,19-3091,Anthropologists and Archeologists
19-3092,2.8575,1.845,1.0125,19-3092,Geographers
19-3093,2.495,2.0166666666666666,0.4783333333333335,19-3093,Historians
19-3094,2.8049999999999997,1.4883333333333333,1.3166666666666664,19-3094,Political Scientists
19-3099,3.18,2.515,0.665,19-3099,"Social Scientists and Related Workers, All Other"
19-4012,2.9125,2.6283333333333334,0.2841666666666667,19-4012,Agricultural Technicians
19-4013,2.5149999999999997,1.7599999999999998,0.7549999999999999,19-4013,Food Science Technicians
19-4021,2.7025,1.8766666666666667,0.8258333333333334,19-4021,Biological Technicians
19-4031,2.6475,1.8366666666666667,0.8108333333333333,19-4031,Chemical Technicians
19-4042,2.85,2.5083333333333333,0.3416666666666668,19-4042,"Environmental Science and Protection Technicians, Including Health"
19-4043,2.755,2.135,0.6200000000000001,19-4043,"Geological Technicians, Except Hydrologic Technicians"
19-4051,2.5975,2.4125,0.18500000000000005,19-4051,Nuclear Technicians
19-4061,2.975,1.7316666666666667,1.2433333333333334,19-4061,Social Science Research Assistants
19-4071,2.8125,2.8699999999999997,-0.05749999999999966,19-4071,Forest and Conservation Technicians
19-4092,2.5324999999999998,2.4033333333333333,0.12916666666666643,19-4092,Forensic Science Technicians
19-4099,3.0949999999999998,2.0925,1.0025,19-4099,"Life, Physical, and Social Science Technicians, All Other"
19-5011,3.0975,3.043333333333333,0.05416666666666714,19-5011,Occupational Health and Safety Specialists
19-5012,3.0575,3.151666666666667,-0.09416666666666673,19-5012,Occupational Health and Safety Technicians
21-1012,2.2975,2.395,-0.09750000000000014,21-1012,"Educational, Guidance, and Career Counselors and Advisors"
21-1013,2.3075,2.3383333333333334,-0.030833333333333268,21-1013,Marriage and Family Therapists
21-1015,2.4875,2.4816666666666665,0.005833333333333357,21-1015,Rehabilitation Counselors
21-1021,2.6774999999999998,2.585,0.0924999999999998,21-1021,"Child, Family, and School Social Workers"
21-1022,2.38,2.6633333333333336,-0.28333333333333366,21-1022,Healthcare Social Workers
21-1023,2.195,2.658333333333333,-0.4633333333333334,21-1023,Mental Health and Substance Abuse Social Workers
21-1091,3.3525,2.705,0.6475,21-1091,Health Education Specialists
21-1092,2.5300000000000002,2.6666666666666665,-0.13666666666666627,21-1092,Probation Officers and Correctional Treatment Specialists
21-1093,2.5475,2.4533333333333336,0.09416666666666629,21-1093,Social and Human Service Assistants
21-1094,2.65,2.6733333333333333,-0.023333333333333428,21-1094,Community Health Workers
21-2011,2.8200000000000003,2.763333333333333,0.05666666666666709,21-2011,Clergy
21-2021,2.44,2.555,-0.11500000000000021,21-2021,"Directors, Religious Activities and Education"
23-1011,2.69,1.9116666666666668,0.7783333333333331,23-1011,Lawyers
23-1012,2.4525,1.5616666666666668,0.8908333333333334,23-1012,Judicial Law Clerks
23-1021,2.4625,1.6266666666666667,0.8358333333333332,23-1021,"Administrative Law Judges, Adjudicators, and Hearing Officers"
23-1022,2.5075000000000003,2.0316666666666667,0.47583333333333355,23-1022,"Arbitrators, Mediators, and Conciliators"
23-1023,2.25,2.17,0.08000000000000007,23-1023,"Judges, Magistrate Judges, and Magistrates"
23-2011,3.3075,1.9033333333333333,1.4041666666666668,23-2011,Paralegals and Legal Assistants
23-2093,3.0475,1.74,1.3074999999999999,23-2093,"Title Examiners, Abstractors, and Searchers"
25-1011,3.6624999999999996,2.0366666666666666,1.625833333333333,25-1011,"Business Teachers, Postsecondary"
25-1021,3.8075,2.4983333333333335,1.3091666666666666,25-1021,"Computer Science Teachers, Postsecondary"
25-1022,3.005,1.675,1.3299999999999998,25-1022,"Mathematical Science Teachers, Postsecondary"
25-1031,2.9375,2.936666666666667,0.0008333333333330195,25-1031,"Architecture Teachers, Postsecondary"
25-1032,3.665,2.236666666666667,1.4283333333333332,25-1032,"Engineering Teachers, Postsecondary"
25-1041,3.0999999999999996,2.6166666666666667,0.48333333333333295,25-1041,"Agricultural Sciences Teachers, Postsecondary"
25-1042,3.2425,2.018333333333333,1.224166666666667,25-1042,"Biological Science Teachers, Postsecondary"
25-1043,3.375,2.1983333333333333,1.1766666666666667,25-1043,"Forestry and Conservation Science Teachers, Postsecondary"
25-1051,3.005,2.105,0.8999999999999999,25-1051,"Atmospheric, Earth, Marine, and Space Sciences Teachers, Postsecondary"
25-1052,3.15,2.276666666666667,0.8733333333333331,25-1052,"Chemistry Teachers, Postsecondary"
25-1053,3.225,2.3233333333333337,0.9016666666666664,25-1053,"Environmental Science Teachers, Postsecondary"
25-1054,3.21,2.1999999999999997,1.0100000000000002,25-1054,"Physics Teachers, Postsecondary"
25-1061,2.6475,1.9400000000000002,0.7074999999999998,25-1061,"Anthropology and Archeology Teachers, Postsecondary"
25-1062,2.5125,1.7883333333333333,0.7241666666666668,25-1062,"Area, Ethnic, and Cultural Studies Teachers, Postsecondary"
25-1063,3.5300000000000002,1.6816666666666666,1.8483333333333336,25-1063,"Economics Teachers, Postsecondary"
25-1064,2.5625,1.5966666666666667,0.9658333333333333,25-1064,"Geography Teachers, Postsecondary"
25-1065,2.5225,1.6283333333333332,0.8941666666666668,25-1065,"Political Science Teachers, Postsecondary"
25-1066,2.965,2.0616666666666665,0.9033333333333333,25-1066,"Psychology Teachers, Postsecondary"
25-1067,3.085,2.0433333333333334,1.0416666666666665,25-1067,"Sociology Teachers, Postsecondary"
25-1071,3.245,2.533333333333333,0.7116666666666669,25-1071,"Health Specialties Teachers, Postsecondary"
25-1072,3.1100000000000003,2.545,0.5650000000000004,25-1072,"Nursing Instructors and Teachers, Postsecondary"
25-1081,2.63,1.9533333333333331,0.6766666666666667,25-1081,"Education Teachers, Postsecondary"
25-1082,2.8449999999999998,1.9799999999999998,0.865,25-1082,"Library Science Teachers, Postsecondary"
25-1111,2.95,2.65,0.30000000000000027,25-1111,"Criminal Justice and Law Enforcement Teachers, Postsecondary"
25-1112,2.1875,1.505,0.6825000000000001,25-1112,"Law Teachers, Postsecondary"
25-1113,2.83,2.305,0.5249999999999999,25-1113,"Social Work Teachers, Postsecondary"
25-1121,2.5525,2.275,0.2775000000000003,25-1121,"Art, Drama, and Music Teachers, Postsecondary"
25-1122,2.76,1.9433333333333334,0.8166666666666664,25-1122,"Communications Teachers, Postsecondary"
25-1123,2.5075,2.0733333333333333,0.4341666666666666,25-1123,"English Language and Literature Teachers, Postsecondary"
25-1124,2.1774999999999998,1.4283333333333335,0.7491666666666663,25-1124,"Foreign Language and Literature Teachers, Postsecondary"
25-1125,2.635,1.86,0.7749999999999997,25-1125,"History Teachers, Postsecondary"
25-1126,2.19,1.6183333333333334,0.5716666666666665,25-1126,"Philosophy and Religion Teachers, Postsecondary"
25-1192,3.09,2.345,0.7449999999999997,25-1192,"Family and Consumer Sciences Teachers, Postsecondary"
25-1193,3.02,2.4683333333333333,0.5516666666666667,25-1193,"Recreation and Fitness Studies Teachers, Postsecondary"
25-1194,3.3875,2.9933333333333336,0.39416666666666655,25-1194,"Career/Technical Education Teachers, Postsecondary"
25-2011,2.0475,2.2216666666666667,-0.1741666666666668,25-2011,"Preschool Teachers, Except Special Education"
25-2012,2.9925,2.3766666666666665,0.6158333333333337,25-2012,"Kindergarten Teachers, Except Special Education"
25-2021,2.9699999999999998,2.4433333333333334,0.5266666666666664,25-2021,"Elementary School Teachers, Except Special Education"
25-2022,2.8325,2.1083333333333334,0.7241666666666666,25-2022,"Middle School Teachers, Except Special and Career/Technical Education"
25-2023,3.2199999999999998,2.4099999999999997,0.81,25-2023,"Career/Technical Education Teachers, Middle School"
25-2031,2.6399999999999997,2.2416666666666667,0.398333333333333,25-2031,"Secondary School Teachers, Except Special and Career/Technical Education"
25-2032,2.975,2.585,0.3900000000000001,25-2032,"Career/Technical Education Teachers, Secondary School"
25-2051,2.6325000000000003,2.42,0.21250000000000036,25-2051,"Special Education Teachers, Preschool"
25-2057,3.0325,2.375,0.6575000000000002,25-2057,"Special Education Teachers, Middle School"
25-2058,3.135,2.7116666666666664,0.42333333333333334,25-2058,"Special Education Teachers, Secondary School"
25-2059,2.3850000000000002,2.2816666666666667,0.1033333333333335,25-2059,"Special Education Teachers, All Other"
25-3011,2.4375,1.8083333333333333,0.6291666666666667,25-3011,"Adult Basic Education, Adult Secondary Education, and English as a Second Language Instructors"
25-3021,2.0375,1.86,0.1775,25-3021,Self-Enrichment Teachers
25-3031,2.3375,2.0733333333333337,0.2641666666666662,25-3031,"Substitute Teachers, Short-Term"
25-3041,2.855,2.103333333333333,0.7516666666666669,25-3041,Tutors
25-4011,2.94,2.0866666666666664,0.8533333333333335,25-4011,Archivists
25-4012,2.6,1.9566666666666668,0.6433333333333333,25-4012,Curators
25-4013,2.5949999999999998,2.105,0.48999999999999977,25-4013,Museum Technicians and Conservators
25-4022,2.935,2.171666666666667,0.7633333333333332,25-4022,Librarians and Media Collections Specialists
25-4031,2.7975,1.9833333333333332,0.8141666666666667,25-4031,Library Technicians
25-9021,2.98,2.361666666666667,0.6183333333333332,25-9021,Farm and Home Management Educators
25-9031,3.18,2.3666666666666667,0.8133333333333335,25-9031,Instructional Coordinators
25-9044,2.6825,1.8066666666666666,0.8758333333333335,25-9044,"Teaching Assistants, Postsecondary"
27-1011,2.685,1.9033333333333333,0.7816666666666667,27-1011,Art Directors
27-1012,2.4525,2.0216666666666665,0.4308333333333336,27-1012,Craft Artists
27-1013,3.04,2.228333333333333,0.811666666666667,27-1013,"Fine Artists, Including Painters, Sculptors, and Illustrators"
27-1014,3.0175,1.8433333333333335,1.1741666666666666,27-1014,Special Effects Artists and Animators
27-1021,3.2,2.441666666666667,0.7583333333333333,27-1021,Commercial and Industrial Designers
27-1022,2.3249999999999997,1.6450000000000002,0.6799999999999995,27-1022,Fashion Designers
27-1023,2.685,2.245,0.43999999999999995,27-1023,Floral Designers
27-1024,2.955,1.8783333333333332,1.0766666666666669,27-1024,Graphic Designers
27-1025,3.08,2.983333333333334,0.09666666666666623,27-1025,Interior Designers
27-1026,2.3425000000000002,2.0716666666666668,0.2708333333333335,27-1026,Merchandise Displayers and Window Trimmers
27-1027,2.8225,2.348333333333333,0.4741666666666666,27-1027,Set and Exhibit Designers
27-2011,1.7325,1.5633333333333332,0.1691666666666667,27-2011,Actors
27-2012,2.81375,2.0016666666666665,0.8120833333333337,27-2012,Producers and Directors
27-2021,2.8625,2.6183333333333336,0.2441666666666662,27-2021,Athletes and Sports Competitors
27-2022,2.7474999999999996,2.5316666666666667,0.21583333333333288,27-2022,Coaches and Scouts
27-2023,1.985,1.8433333333333335,0.1416666666666666,27-2023,"Umpires, Referees, and Other Sports Officials"
27-2031,2.0575,2.0666666666666664,-0.009166666666666323,27-2031,Dancers
27-2032,2.165,1.8683333333333334,0.29666666666666663,27-2032,Choreographers
27-2041,2.5625,1.7383333333333333,0.8241666666666667,27-2041,Music Directors and Composers
27-2042,1.8875,1.575,0.3125,27-2042,Musicians and Singers
27-2091,2.97,2.3366666666666664,0.6333333333333337,27-2091,"Disc Jockeys, Except Radio"
27-3011,2.27,1.78,0.49,27-3011,Broadcast Announcers and Radio Disc Jockeys
27-3023,2.5575,2.0883333333333334,0.46916666666666673,27-3023,"News Analysts, Reporters, and Journalists"
27-3031,2.7525,1.795,0.9575,27-3031,Public Relations Specialists
27-3041,2.7525,2.0,0.7525,27-3041,Editors
27-3042,3.18,2.3033333333333332,0.8766666666666669,27-3042,Technical Writers
27-3043,2.585,1.5374999999999999,1.0475,27-3043,Writers and Authors
27-3091,2.5425,2.1716666666666664,0.37083333333333357,27-3091,Interpreters and Translators
27-3092,2.8775,1.7249999999999999,1.1525,27-3092,Court Reporters and Simultaneous Captioners
27-4011,2.74,2.4883333333333333,0.2516666666666669,27-4011,Audio and Video Technicians
27-4012,3.27,2.4883333333333333,0.7816666666666667,27-4012,Broadcast Technicians
27-4014,2.73,2.1233333333333335,0.6066666666666665,27-4014,Sound Engineering Technicians
27-4021,3.32,2.3533333333333335,0.9666666666666663,27-4021,Photographers
27-4031,2.5375,2.1316666666666664,0.4058333333333337,27-4031,"Camera Operators, Television, Video, and Film"
27-4032,3.035,1.985,1.05,27-4032,Film and Video Editors
29-1011,3.1,2.7983333333333333,0.30166666666666675,29-1011,Chiropractors
29-1021,2.6125,2.1933333333333334,0.41916666666666647,29-1021,"Dentists, General"
29-1022,3.2525,2.5633333333333335,0.6891666666666665,29-1022,Oral and Maxillofacial Surgeons
29-1023,2.95,2.223333333333333,0.726666666666667,29-1023,Orthodontists
29-1024,2.6525,2.19,0.4624999999999999,29-1024,Prosthodontists
29-1031,3.0275,2.3633333333333333,0.6641666666666666,29-1031,Dietitians and Nutritionists
29-1041,3.335,2.5533333333333332,0.7816666666666667,29-1041,Optometrists
29-1051,3.17,2.361666666666667,0.8083333333333331,29-1051,Pharmacists
29-1071,2.71,2.4066666666666667,0.30333333333333323,29-1071,Physician Assistants
29-1081,3.2325,2.486666666666667,0.7458333333333331,29-1081,Podiatrists
29-1122,2.22375,2.7691666666666666,-0.5454166666666667,29-1122,Occupational Therapists
29-1123,2.715,2.8166666666666664,-0.10166666666666657,29-1123,Physical Therapists
29-1124,2.955,2.668333333333333,0.28666666666666707,29-1124,Radiation Therapists
29-1125,2.52,2.936666666666667,-0.41666666666666696,29-1125,Recreational Therapists
29-1126,3.1675,3.5366666666666666,-0.36916666666666664,29-1126,Respiratory Therapists
29-1127,2.62,2.4216666666666664,0.1983333333333337,29-1127,Speech-Language Pathologists
29-1128,2.83,2.526666666666667,0.30333333333333323,29-1128,Exercise Physiologists
29-1129,2.3475,2.5708333333333333,-0.22333333333333316,29-1129,"Therapists, All Other"
29-1131,2.995,2.4383333333333335,0.5566666666666666,29-1131,Veterinarians
29-1141,2.811,2.6510000000000002,0.1599999999999997,29-1141,Registered Nurses
29-1151,3.14,2.7366666666666664,0.40333333333333377,29-1151,Nurse Anesthetists
29-1161,2.6950000000000003,2.5,0.19500000000000028,29-1161,Nurse Midwives
29-1171,2.7975,2.688333333333333,0.10916666666666686,29-1171,Nurse Practitioners
29-1181,3.5225,2.8066666666666666,0.7158333333333333,29-1181,Audiologists
29-1211,3.435,3.046666666666667,0.3883333333333332,29-1211,Anesthesiologists
29-1213,2.9225,2.3783333333333334,0.5441666666666665,29-1213,Dermatologists
29-1214,2.5825,2.638333333333333,-0.05583333333333318,29-1214,Emergency Medicine Physicians
29-1215,2.7575000000000003,2.4283333333333332,0.32916666666666705,29-1215,Family Medicine Physicians
29-1216,3.38,2.665,0.7149999999999999,29-1216,General Internal Medicine Physicians
29-1217,3.0,2.3283333333333336,0.6716666666666664,29-1217,Neurologists
29-1218,3.1475,2.486666666666667,0.6608333333333332,29-1218,Obstetricians and Gynecologists
29-1221,2.8225000000000002,2.7100000000000004,0.11249999999999982,29-1221,"Pediatricians, General"
29-1222,2.685,2.013333333333333,0.6716666666666669,29-1222,"Physicians, Pathologists"
29-1223,2.7525,2.7716666666666665,-0.019166666666666554,29-1223,Psychiatrists
29-1224,2.8449999999999998,2.02,0.8249999999999997,29-1224,Radiologists
29-1229,2.90875,2.4833333333333334,0.42541666666666655,29-1229,"Physicians, All Other"
29-1241,3.015,2.2966666666666664,0.7183333333333337,29-1241,"Ophthalmologists, Except Pediatric"
29-1291,2.7925,2.405,0.3875000000000002,29-1291,Acupuncturists
29-1292,1.9425,2.1350000000000002,-0.19250000000000034,29-1292,Dental Hygienists
29-1299,2.7062500000000003,2.4291666666666667,0.27708333333333357,29-1299,"Healthcare Diagnosing or Treating Practitioners, All Other"
29-2031,2.5825,2.3283333333333336,0.25416666666666643,29-2031,Cardiovascular Technologists and Technicians
29-2032,2.5525,2.165,0.3875000000000002,29-2032,Diagnostic Medical Sonographers
29-2033,3.135,2.5116666666666667,0.6233333333333331,29-2033,Nuclear Medicine Technologists
29-2034,3.07,2.6533333333333333,0.4166666666666665,29-2034,Radiologic Technologists and Technicians
29-2035,2.7225,2.5566666666666666,0.1658333333333335,29-2035,Magnetic Resonance Imaging Technologists
29-2036,3.2125,1.9883333333333333,1.2241666666666666,29-2036,Medical Dosimetrists
29-2043,2.5025,3.0500000000000003,-0.5475000000000003,29-2043,Paramedics
29-2051,3.5125,2.9716666666666662,0.5408333333333339,29-2051,Dietetic Technicians
29-2052,3.2199999999999998,2.3633333333333333,0.8566666666666665,29-2052,Pharmacy Technicians
29-2053,2.4625,2.73,-0.26750000000000007,29-2053,Psychiatric Technicians
29-2055,2.3625,2.348333333333333,0.01416666666666666,29-2055,Surgical Technologists
29-2056,2.81,2.3733333333333335,0.43666666666666654,29-2056,Veterinary Technologists and Technicians
29-2057,2.635,2.146666666666667,0.48833333333333284,29-2057,Ophthalmic Medical Technicians
29-2061,2.7424999999999997,2.3116666666666665,0.4308333333333332,29-2061,Licensed Practical and Licensed Vocational Nurses
29-2072,3.135,2.185,0.9499999999999997,29-2072,Medical Records Specialists
29-2081,3.4025,2.5833333333333335,0.8191666666666664,29-2081,"Opticians, Dispensing"
29-2091,3.245,3.1833333333333336,0.061666666666666536,29-2091,Orthotists and Prosthetists
29-2092,3.58,2.91,0.6699999999999999,29-2092,Hearing Aid Specialists
29-2099,2.7675,2.3983333333333334,0.36916666666666664,29-2099,"Health Technologists and Technicians, All Other"
29-9091,2.4675,2.7616666666666667,-0.2941666666666669,29-9091,Athletic Trainers
29-9092,2.81,2.381666666666667,0.42833333333333323,29-9092,Genetic Counselors
29-9093,2.44,2.3183333333333334,0.12166666666666659,29-9093,Surgical Assistants
29-9099,2.2975,2.5616666666666665,-0.26416666666666666,29-9099,"Healthcare Practitioners and Technical Workers, All Other"
31-1131,2.3449999999999998,2.7383333333333333,-0.39333333333333353,31-1131,Nursing Assistants
31-1132,1.58,2.3783333333333334,-0.7983333333333333,31-1132,Orderlies
31-1133,2.2525,2.3466666666666667,-0.09416666666666673,31-1133,Psychiatric Aides
31-2011,2.465,2.8766666666666665,-0.4116666666666666,31-2011,Occupational Therapy Assistants
31-2012,2.6950000000000003,2.66,0.03500000000000014,31-2012,Occupational Therapy Aides
31-2021,2.7,2.638333333333333,0.06166666666666698,31-2021,Physical Therapist Assistants
31-2022,2.445,2.638333333333333,-0.19333333333333336,31-2022,Physical Therapist Aides
31-9011,1.8475000000000001,2.0833333333333335,-0.23583333333333334,31-9011,Massage Therapists
31-9091,2.8200000000000003,2.2866666666666666,0.5333333333333337,31-9091,Dental Assistants
31-9092,3.185,2.5233333333333334,0.6616666666666666,31-9092,Medical Assistants
31-9093,2.5675,2.5366666666666666,0.030833333333333268,31-9093,Medical Equipment Preparers
31-9094,2.7775,1.4749999999999999,1.3025,31-9094,Medical Transcriptionists
31-9095,2.615,2.188333333333333,0.4266666666666672,31-9095,Pharmacy Aides
31-9096,2.8775,2.311666666666667,0.565833333333333,31-9096,Veterinary Assistants and Laboratory Animal Caretakers
31-9097,2.84,2.4433333333333334,0.3966666666666665,31-9097,Phlebotomists
31-9099,2.4325,2.2383333333333333,0.19416666666666682,31-9099,"Healthcare Support Workers, All Other"
33-1011,2.9625000000000004,2.891666666666667,0.0708333333333333,33-1011,First-Line Supervisors of Correctional Officers
33-1012,2.275,2.8049999999999997,-0.5299999999999998,33-1012,First-Line Supervisors of Police and Detectives
33-1021,3.0425,3.7216666666666662,-0.6791666666666663,33-1021,First-Line Supervisors of Firefighting and Prevention Workers
33-1091,3.3874999999999997,3.0050000000000003,0.3824999999999994,33-1091,First-Line Supervisors of Security Workers
33-2011,2.365,3.3083333333333336,-0.9433333333333334,33-2011,Firefighters
33-2021,2.5875,3.4516666666666667,-0.8641666666666667,33-2021,Fire Inspectors and Investigators
33-2022,3.055,3.11,-0.054999999999999716,33-2022,Forest Fire Inspectors and Prevention Specialists
33-3011,2.205,2.3850000000000002,-0.18000000000000016,33-3011,Bailiffs
33-3012,2.91,2.7399999999999998,0.17000000000000037,33-3012,Correctional Officers and Jailers
33-3021,2.7675,2.43,0.3374999999999999,33-3021,Detectives and Criminal Investigators
33-3031,2.9625,3.3716666666666666,-0.4091666666666667,33-3031,Fish and Game Wardens
33-3041,2.325,2.1933333333333334,0.13166666666666682,33-3041,Parking Enforcement Workers
33-3051,2.6925,2.8891666666666667,-0.19666666666666677,33-3051,Police and Sheriff's Patrol Officers
33-3052,2.7225,3.176666666666667,-0.45416666666666705,33-3052,Transit and Railroad Police
33-9011,2.7350000000000003,2.8633333333333333,-0.12833333333333297,33-9011,Animal Control Workers
33-9021,2.9775,2.3583333333333334,0.6191666666666666,33-9021,Private Detectives and Investigators
33-9031,3.26,2.135,1.125,33-9031,Gambling Surveillance Officers and Gambling Investigators
33-9032,3.2350000000000003,3.376666666666667,-0.1416666666666666,33-9032,Security Guards
33-9091,1.415,2.1133333333333333,-0.6983333333333333,33-9091,Crossing Guards and Flaggers
33-9092,1.9825,2.611666666666667,-0.6291666666666669,33-9092,"Lifeguards, Ski Patrol, and Other Recreational Protective Service Workers"
33-9093,1.785,2.3366666666666664,-0.5516666666666665,33-9093,Transportation Security Screeners
33-9094,1.8575,2.4483333333333337,-0.5908333333333338,33-9094,School Bus Monitors
33-9099,3.0075000000000003,2.7266666666666666,0.2808333333333337,33-9099,"Protective Service Workers, All Other"
35-1011,3.1775,2.5716666666666668,0.6058333333333334,35-1011,Chefs and Head Cooks
35-1012,2.7675,2.6149999999999998,0.1525000000000003,35-1012,First-Line Supervisors of Food Preparation and Serving Workers
35-2011,1.9175,2.1133333333333333,-0.1958333333333333,35-2011,"Cooks, Fast Food"
35-2012,2.7075,2.143333333333333,0.5641666666666669,35-2012,"Cooks, Institution and Cafeteria"
35-2013,2.6075,2.2216666666666667,0.38583333333333325,35-2013,"Cooks, Private Household"
35-2014,1.5575,1.6916666666666667,-0.13416666666666655,35-2014,"Cooks, Restaurant"
35-2015,1.6600000000000001,1.9083333333333334,-0.2483333333333333,35-2015,"Cooks, Short Order"
35-2021,1.5875,1.7866666666666668,-0.19916666666666694,35-2021,Food Preparation Workers
35-3011,2.465,2.21,0.2549999999999999,35-3011,Bartenders
35-3023,2.3575,2.0516666666666663,0.3058333333333336,35-3023,Fast Food and Counter Workers
35-3031,2.275,1.9349999999999998,0.3400000000000001,35-3031,Waiters and Waitresses
35-3041,2.4125,2.2266666666666666,0.18583333333333352,35-3041,"Food Servers, Nonrestaurant"
35-9011,1.9100000000000001,2.065,-0.1549999999999998,35-9011,Dining Room and Cafeteria Attendants and Bartender Helpers
35-9021,1.365,1.6733333333333336,-0.30833333333333357,35-9021,Dishwashers
35-9031,2.1525,2.0283333333333333,0.12416666666666654,35-9031,"Hosts and Hostesses, Restaurant, Lounge, and Coffee Shop"
37-1011,2.6799999999999997,2.42,0.2599999999999998,37-1011,First-Line Supervisors of Housekeeping and Janitorial Workers
37-1012,3.0275,3.16,-0.13250000000000028,37-1012,"First-Line Supervisors of Landscaping, Lawn Service, and Groundskeeping Workers"
37-2011,1.735,2.08,-0.345,37-2011,"Janitors and Cleaners, Except Maids and Housekeeping Cleaners"
37-2012,1.8525,2.29,-0.4375,37-2012,Maids and Housekeeping Cleaners
37-2021,2.65,2.7266666666666666,-0.07666666666666666,37-2021,Pest Control Workers
37-3011,1.7425,2.095,-0.35250000000000026,37-3011,Landscaping and Groundskeeping Workers
37-3012,3.0525,2.981666666666667,0.0708333333333333,37-3012,"Pesticide Handlers, Sprayers, and Applicators, Vegetation"
37-3013,1.9725,2.58,-0.6075000000000002,37-3013,Tree Trimmers and Pruners
39-1013,3.5300000000000002,2.566666666666667,0.9633333333333334,39-1013,First-Line Supervisors of Gambling Services Workers
39-1014,3.035,2.7100000000000004,0.32499999999999973,39-1014,"First-Line Supervisors of Entertainment and Recreation Workers, Except Gambling Services"
39-1022,2.8200000000000003,2.9133333333333336,-0.09333333333333327,39-1022,First-Line Supervisors of Personal Service Workers
39-2011,2.44,2.341666666666667,0.09833333333333316,39-2011,Animal Trainers
39-2021,2.4025,2.2566666666666664,0.14583333333333348,39-2021,Animal Caretakers
39-3011,2.455,2.141666666666667,0.313333333333333,39-3011,Gambling Dealers
39-3012,2.865,1.9749999999999999,0.8900000000000003,39-3012,Gambling and Sports Book Writers and Runners
39-3021,2.62,2.1933333333333334,0.42666666666666675,39-3021,Motion Picture Projectionists
39-3031,2.3525,1.99,0.36250000000000004,39-3031,"Ushers, Lobby Attendants, and Ticket Takers"
39-3091,2.14,2.308333333333333,-0.168333333333333,39-3091,Amusement and Recreation Attendants
39-3092,2.4025,2.3366666666666664,0.06583333333333341,39-3092,Costume Attendants
39-3093,2.535,2.39,0.14500000000000002,39-3093,"Locker Room, Coatroom, and Dressing Room Attendants"
39-4011,2.6799999999999997,2.67,0.009999999999999787,39-4011,Embalmers
39-4021,2.6875,2.5116666666666667,0.17583333333333329,39-4021,Funeral Attendants
39-4031,3.125,2.733333333333333,0.39166666666666705,39-4031,"Morticians, Undertakers, and Funeral Arrangers"
39-5011,2.615,2.585,0.03000000000000025,39-5011,Barbers
39-5012,2.3075,2.2966666666666664,0.010833333333333695,39-5012,"Hairdressers, Hairstylists, and Cosmetologists"
39-5091,2.285,2.39,-0.10499999999999998,39-5091,"Makeup Artists, Theatrical and Performance"
39-5092,1.9825,2.0016666666666665,-0.019166666666666554,39-5092,Manicurists and Pedicurists
39-5093,1.6375,1.9833333333333334,-0.34583333333333344,39-5093,Shampooers
39-5094,2.645,2.2483333333333335,0.3966666666666665,39-5094,Skincare Specialists
39-6011,2.39,2.7183333333333333,-0.32833333333333314,39-6011,Baggage Porters and Bellhops
39-6012,2.6574999999999998,2.495,0.16249999999999964,39-6012,Concierges
39-9011,2.06,2.2399999999999998,-0.17999999999999972,39-9011,Childcare Workers
39-9031,2.3575,2.1633333333333336,0.19416666666666638,39-9031,Exercise Trainers and Group Fitness Instructors
39-9032,2.75,2.658333333333333,0.09166666666666679,39-9032,Recreation Workers
39-9041,2.825,2.9783333333333335,-0.15333333333333332,39-9041,Residential Advisors
41-1011,3.2525,2.28,0.9725000000000001,41-1011,First-Line Supervisors of Retail Sales Workers
41-1012,2.965,2.1416666666666666,0.8233333333333333,41-1012,First-Line Supervisors of Non-Retail Sales Workers
41-2011,2.6925,2.188333333333333,0.5041666666666669,41-2011,Cashiers
41-2012,2.83,1.9566666666666668,0.8733333333333333,41-2012,Gambling Change Persons and Booth Cashiers
41-2021,2.8725,2.3183333333333334,0.5541666666666667,41-2021,Counter and Rental Clerks
41-2022,3.59,2.736666666666667,0.853333333333333,41-2022,Parts Salespersons
41-2031,2.7675,2.2516666666666665,0.5158333333333336,41-2031,Retail Salespersons
41-3011,3.19,1.9166666666666667,1.2733333333333332,41-3011,Advertising Sales Agents
41-3021,2.9325,2.4,0.5325000000000002,41-3021,Insurance Sales Agents
41-3031,3.54,2.1016666666666666,1.4383333333333335,41-3031,"Securities, Commodities, and Financial Services Sales Agents"
41-3041,2.8275,2.0483333333333333,0.7791666666666668,41-3041,Travel Agents
41-3091,2.99,2.0483333333333333,0.9416666666666669,41-3091,"Sales Representatives of Services, Except Advertising, Insurance, Financial Services, and Travel"
41-4011,3.0275,2.379166666666667,0.648333333333333,41-4011,"Sales Representatives, Wholesale and Manufacturing, Technical and Scientific Products"
41-4012,2.9125,2.223333333333333,0.6891666666666669,41-4012,"Sales Representatives, Wholesale and Manufacturing, Except Technical and Scientific Products"
41-9011,2.17,2.1333333333333333,0.036666666666666625,41-9011,Demonstrators and Product Promoters
41-9012,1.3824999999999998,1.5816666666666668,-0.19916666666666694,41-9012,Models
41-9021,3.4025,2.3683333333333336,1.0341666666666662,41-9021,Real Estate Brokers
41-9022,3.195,2.645,0.5499999999999998,41-9022,Real Estate Sales Agents
41-9031,3.2075,2.231666666666667,0.9758333333333331,41-9031,Sales Engineers
41-9041,2.62,1.8766666666666667,0.7433333333333334,41-9041,Telemarketers
41-9091,2.4375,1.8950000000000002,0.5424999999999998,41-9091,"Door-to-Door Sales Workers, News and Street Vendors, and Related Workers"
43-1011,3.2475,2.1266666666666665,1.1208333333333336,43-1011,First-Line Supervisors of Office and Administrative Support Workers
43-2011,2.895,2.098333333333333,0.7966666666666669,43-2011,"Switchboard Operators, Including Answering Service"
43-2021,2.5,1.9000000000000001,0.5999999999999999,43-2021,Telephone Operators
43-3011,3.19,1.6266666666666667,1.5633333333333332,43-3011,Bill and Account Collectors
43-3021,3.535,2.0483333333333333,1.4866666666666668,43-3021,Billing and Posting Clerks
43-3031,3.5575,1.825,1.7325000000000002,43-3031,"Bookkeeping, Accounting, and Auditing Clerks"
43-3041,3.0599999999999996,1.9783333333333335,1.081666666666666,43-3041,Gambling Cage Workers
43-3051,3.98,1.555,2.425,43-3051,Payroll and Timekeeping Clerks
43-3061,3.465,2.578333333333333,0.8866666666666667,43-3061,Procurement Clerks
43-3071,3.015,2.0283333333333333,0.9866666666666668,43-3071,Tellers
43-4011,3.2775,1.805,1.4725,43-4011,Brokerage Clerks
43-4021,3.725,2.0483333333333333,1.6766666666666667,43-4021,Correspondence Clerks
43-4031,3.3600000000000003,2.106666666666667,1.2533333333333334,43-4031,"Court, Municipal, and License Clerks"
43-4041,3.3674999999999997,2.0749999999999997,1.2925,43-4041,"Credit Authorizers, Checkers, and Clerks"
43-4051,3.205,2.313333333333333,0.891666666666667,43-4051,Customer Service Representatives
43-4061,3.2375,2.4066666666666667,0.8308333333333331,43-4061,"Eligibility Interviewers, Government Programs"
43-4071,3.35,2.4,0.9500000000000002,43-4071,File Clerks
43-4081,3.215,2.56,0.6549999999999998,43-4081,"Hotel, Motel, and Resort Desk Clerks"
43-4111,3.21,2.185,1.025,43-4111,"Interviewers, Except Eligibility and Loan"
43-4121,2.6525,2.0316666666666667,0.6208333333333331,43-4121,"Library Assistants, Clerical"
43-4131,3.3125,1.7666666666666666,1.5458333333333334,43-4131,Loan Interviewers and Clerks
43-4141,3.615,2.055,1.56,43-4141,New Accounts Clerks
43-4151,3.5300000000000002,2.6316666666666664,0.8983333333333339,43-4151,Order Clerks
43-4161,2.9050000000000002,1.8533333333333335,1.0516666666666667,43-4161,"Human Resources Assistants, Except Payroll and Timekeeping"
43-4171,2.93,2.0083333333333333,0.9216666666666669,43-4171,Receptionists and Information Clerks
43-4181,2.7325,2.7916666666666665,-0.05916666666666659,43-4181,Reservation and Transportation Ticket Agents and Travel Clerks
43-5011,3.385,3.0033333333333334,0.3816666666666664,43-5011,Cargo and Freight Agents
43-5021,1.925,2.283333333333333,-0.35833333333333317,43-5021,Couriers and Messengers
43-5031,2.8875,2.983333333333333,-0.09583333333333277,43-5031,Public Safety Telecommunicators
43-5032,2.8075,2.6833333333333336,0.12416666666666654,43-5032,"Dispatchers, Except Police, Fire, and Ambulance"
43-5041,2.7525,2.611666666666667,0.14083333333333314,43-5041,"Meter Readers, Utilities"
43-5051,2.925,2.4949999999999997,0.43000000000000016,43-5051,Postal Service Clerks
43-5052,2.1125000000000003,2.4266666666666667,-0.3141666666666665,43-5052,Postal Service Mail Carriers
43-5053,1.8775,1.7166666666666668,0.16083333333333316,43-5053,"Postal Service Mail Sorters, Processors, and Processing Machine Operators"
43-5061,2.9124999999999996,2.13,0.7824999999999998,43-5061,"Production, Planning, and Expediting Clerks"
43-5071,3.0225,2.375,0.6475,43-5071,"Shipping, Receiving, and Inventory Clerks"
43-5111,3.025,2.091666666666667,0.9333333333333331,43-5111,"Weighers, Measurers, Checkers, and Samplers, Recordkeeping"
43-6011,3.1075,1.9166666666666667,1.1908333333333332,43-6011,Executive Secretaries and Executive Administrative Assistants
43-6012,3.3375,2.1283333333333334,1.2091666666666665,43-6012,Legal Secretaries and Administrative Assistants
43-6013,3.305,2.1633333333333336,1.1416666666666666,43-6013,Medical Secretaries and Administrative Assistants
43-6014,3.505,2.1983333333333333,1.3066666666666666,43-6014,"Secretaries and Administrative Assistants, Except Legal, Medical, and Executive"
43-9021,3.1725,2.085,1.0875,43-9021,Data Entry Keyers
43-9022,3.2975,2.131666666666667,1.165833333333333,43-9022,Word Processors and Typists
43-9031,2.6174999999999997,1.325,1.2924999999999998,43-9031,Desktop Publishers
43-9041,2.9625,1.8583333333333334,1.1041666666666665,43-9041,Insurance Claims and Policy Processing Clerks
43-9051,2.33,1.9166666666666667,0.41333333333333333,43-9051,"Mail Clerks and Mail Machine Operators, Except Postal Service"
43-9061,3.0575,1.9283333333333335,1.1291666666666667,43-9061,"Office Clerks, General"
43-9071,2.585,1.945,0.6399999999999999,43-9071,"Office Machine Operators, Except Computer"
43-9081,2.2225,1.3533333333333333,0.8691666666666669,43-9081,Proofreaders and Copy Markers
43-9111,3.8549999999999995,1.695,2.1599999999999993,43-9111,Statistical Assistants
45-1011,2.755,2.8433333333333337,-0.08833333333333382,45-1011,"First-Line Supervisors of Farming, Fishing, and Forestry Workers"
45-2011,2.835,2.5100000000000002,0.32499999999999973,45-2011,Agricultural Inspectors
45-2021,2.9074999999999998,2.518333333333333,0.38916666666666666,45-2021,Animal Breeders
45-2041,1.75,2.0100000000000002,-0.26000000000000023,45-2041,"Graders and Sorters, Agricultural Products"
45-2091,2.275,2.475,-0.20000000000000018,45-2091,Agricultural Equipment Operators
45-2092,2.205,2.08,0.125,45-2092,"Farmworkers and Laborers, Crop, Nursery, and Greenhouse"
45-2093,2.6875,2.52,0.16749999999999998,45-2093,"Farmworkers, Farm, Ranch, and Aquacultural Animals"
45-4011,2.3025,2.6266666666666665,-0.32416666666666627,45-4011,Forest and Conservation Workers
45-4021,1.6725,2.0316666666666667,-0.35916666666666663,45-4021,Fallers
45-4022,1.3975,2.518333333333333,-1.1208333333333331,45-4022,Logging Equipment Operators
45-4023,2.51,2.235,0.2749999999999999,45-4023,Log Graders and Scalers
47-1011,2.66625,3.249166666666667,-0.5829166666666672,47-1011,First-Line Supervisors of Construction Trades and Extraction Workers
47-2011,2.35,2.4483333333333333,-0.09833333333333316,47-2011,Boilermakers
47-2021,2.0425,2.766666666666666,-0.7241666666666662,47-2021,Brickmasons and Blockmasons
47-2022,2.19,2.7716666666666665,-0.5816666666666666,47-2022,Stonemasons
47-2031,2.825,3.1350000000000002,-0.31000000000000005,47-2031,Carpenters
47-2041,2.3625,2.705,-0.34250000000000025,47-2041,Carpet Installers
47-2042,2.0925000000000002,2.921666666666667,-0.8291666666666666,47-2042,"Floor Layers, Except Carpet, Wood, and Hard Tiles"
47-2043,2.245,2.935,-0.69,47-2043,Floor Sanders and Finishers
47-2044,2.2875,2.603333333333333,-0.31583333333333297,47-2044,Tile and Stone Setters
47-2051,2.0700000000000003,2.6199999999999997,-0.5499999999999994,47-2051,Cement Masons and Concrete Finishers
47-2053,2.0925000000000002,2.815,-0.7224999999999997,47-2053,Terrazzo Workers and Finishers
47-2061,1.6925,2.7066666666666666,-1.0141666666666667,47-2061,Construction Laborers
47-2071,1.9775,2.685,-0.7075,47-2071,"Paving, Surfacing, and Tamping Equipment Operators"
47-2072,2.4074999999999998,3.1633333333333336,-0.7558333333333338,47-2072,Pile Driver Operators
47-2073,1.7525,2.5766666666666667,-0.8241666666666667,47-2073,Operating Engineers and Other Construction Equipment Operators
47-2081,2.4050000000000002,2.9583333333333335,-0.5533333333333332,47-2081,Drywall and Ceiling Tile Installers
47-2082,2.005,2.6933333333333334,-0.6883333333333335,47-2082,Tapers
47-2111,2.3375,2.8466666666666662,-0.5091666666666663,47-2111,Electricians
47-2121,2.16,2.8216666666666668,-0.6616666666666666,47-2121,Glaziers
47-2131,1.8475,2.6016666666666666,-0.7541666666666667,47-2131,"Insulation Workers, Floor, Ceiling, and Wall"
47-2132,2.95,3.5083333333333333,-0.5583333333333331,47-2132,"Insulation Workers, Mechanical"
47-2141,1.7974999999999999,2.603333333333333,-0.8058333333333332,47-2141,"Painters, Construction and Maintenance"
47-2142,2.605,2.775,-0.16999999999999993,47-2142,Paperhangers
47-2151,2.2275,2.7283333333333335,-0.5008333333333335,47-2151,Pipelayers
47-2152,2.79125,3.3808333333333334,-0.5895833333333336,47-2152,"Plumbers, Pipefitters, and Steamfitters"
47-2161,2.0324999999999998,2.795,-0.7625000000000002,47-2161,Plasterers and Stucco Masons
47-2171,2.7125,2.965,-0.25249999999999995,47-2171,Reinforcing Iron and Rebar Workers
47-2181,2.1025,3.1183333333333336,-1.0158333333333336,47-2181,Roofers
47-2211,2.6624999999999996,2.8716666666666666,-0.20916666666666694,47-2211,Sheet Metal Workers
47-2221,2.425,3.3983333333333334,-0.9733333333333336,47-2221,Structural Iron and Steel Workers
47-2231,2.885,3.526666666666667,-0.641666666666667,47-2231,Solar Photovoltaic Installers
47-3011,1.7675,2.6016666666666666,-0.8341666666666665,47-3011,"Helpers--Brickmasons, Blockmasons, Stonemasons, and Tile and Marble Setters"
47-3012,2.2725,2.9599999999999995,-0.6874999999999996,47-3012,Helpers--Carpenters
47-3013,2.885,3.436666666666667,-0.5516666666666672,47-3013,Helpers--Electricians
47-3014,1.6875,2.0816666666666666,-0.39416666666666655,47-3014,"Helpers--Painters, Paperhangers, Plasterers, and Stucco Masons"
47-3015,2.44,3.0749999999999997,-0.6349999999999998,47-3015,"Helpers--Pipelayers, Plumbers, Pipefitters, and Steamfitters"
47-3016,2.8725,3.483333333333333,-0.6108333333333329,47-3016,Helpers--Roofers
47-4011,3.16875,3.1483333333333334,0.02041666666666675,47-4011,Construction and Building Inspectors
47-4021,2.8600000000000003,3.2416666666666667,-0.3816666666666664,47-4021,Elevator and Escalator Installers and Repairers
47-4031,2.4125,3.2899999999999996,-0.8774999999999995,47-4031,Fence Erectors
47-4041,2.565,3.1483333333333334,-0.5833333333333335,47-4041,Hazardous Materials Removal Workers
47-4051,2.3024999999999998,3.0433333333333334,-0.7408333333333337,47-4051,Highway Maintenance Workers
47-4061,2.8449999999999998,3.2433333333333336,-0.39833333333333387,47-4061,Rail-Track Laying and Maintenance Equipment Operators
47-4071,2.455,3.08,-0.625,47-4071,Septic Tank Servicers and Sewer Pipe Cleaners
47-5011,2.2275,2.63,-0.40249999999999986,47-5011,"Derrick Operators, Oil and Gas"
47-5012,2.355,2.6300000000000003,-0.27500000000000036,47-5012,"Rotary Drill Operators, Oil and Gas"
47-5013,2.95,2.935,0.015000000000000124,47-5013,"Service Unit Operators, Oil and Gas"
47-5022,1.83,2.545,-0.7149999999999999,47-5022,"Excavating and Loading Machine and Dragline Operators, Surface Mining"
47-5023,2.1425,2.7216666666666662,-0.5791666666666662,47-5023,"Earth Drillers, Except Oil and Gas"
47-5032,2.8075,2.91,-0.10250000000000004,47-5032,"Explosives Workers, Ordnance Handling Experts, and Blasters"
47-5041,1.915,2.561666666666667,-0.646666666666667,47-5041,Continuous Mining Machine Operators
47-5043,1.935,2.546666666666667,-0.6116666666666668,47-5043,"Roof Bolters, Mining"
47-5044,1.6975,2.2783333333333333,-0.5808333333333333,47-5044,"Loading and Moving Machine Operators, Underground Mining"
47-5051,2.3675,2.59,-0.2224999999999997,47-5051,"Rock Splitters, Quarry"
47-5071,1.935,2.3983333333333334,-0.4633333333333334,47-5071,"Roustabouts, Oil and Gas"
47-5081,2.3425,2.75,-0.4075000000000002,47-5081,Helpers--Extraction Workers
49-1011,3.0700000000000003,2.6966666666666668,0.3733333333333335,49-1011,"First-Line Supervisors of Mechanics, Installers, and Repairers"
49-2011,3.2975,2.8516666666666666,0.4458333333333333,49-2011,"Computer, Automated Teller, and Office Machine Repairers"
49-2021,3.1025,2.7449999999999997,0.3575000000000004,49-2021,"Radio, Cellular, and Tower Equipment Installers and Repairers"
49-2022,2.83,2.703333333333333,0.12666666666666693,49-2022,"Telecommunications Equipment Installers and Repairers, Except Line Installers"
49-2091,3.105,2.7216666666666662,0.38333333333333375,49-2091,Avionics Technicians
49-2092,2.395,2.58,-0.18500000000000005,49-2092,"Electric Motor, Power Tool, and Related Repairers"
49-2093,3.385,3.03,0.355,49-2093,"Electrical and Electronics Installers and Repairers, Transportation Equipment"
49-2094,3.05,2.7466666666666666,0.30333333333333323,49-2094,"Electrical and Electronics Repairers, Commercial and Industrial Equipment"
49-2095,2.9699999999999998,3.035,-0.06500000000000039,49-2095,"Electrical and Electronics Repairers, Powerhouse, Substation, and Relay"
49-2096,2.9,2.688333333333333,0.2116666666666669,49-2096,"Electronic Equipment Installers and Repairers, Motor Vehicles"
49-2097,2.735,2.615,0.11999999999999966,49-2097,Audiovisual Equipment Installers and Repairers
49-2098,2.61,2.765,-0.15500000000000025,49-2098,Security and Fire Alarm Systems Installers
49-3011,2.61,3.0050000000000003,-0.39500000000000046,49-3011,Aircraft Mechanics and Service Technicians
49-3021,2.1625,2.6133333333333333,-0.4508333333333332,49-3021,Automotive Body and Related Repairers
49-3022,2.4875,2.6466666666666665,-0.15916666666666668,49-3022,Automotive Glass Installers and Repairers
49-3023,2.5475000000000003,2.533333333333333,0.014166666666667105,49-3023,Automotive Service Technicians and Mechanics
49-3031,2.55,3.1833333333333336,-0.6333333333333337,49-3031,Bus and Truck Mechanics and Diesel Engine Specialists
49-3041,2.6875,2.6016666666666666,0.08583333333333343,49-3041,Farm Equipment Mechanics and Service Technicians
49-3042,2.535,2.9616666666666664,-0.4266666666666663,49-3042,"Mobile Heavy Equipment Mechanics, Except Engines"
49-3043,2.3825,2.9683333333333337,-0.5858333333333339,49-3043,Rail Car Repairers
49-3051,2.935,3.016666666666667,-0.081666666666667,49-3051,Motorboat Mechanics and Service Technicians
49-3052,2.5324999999999998,2.5516666666666663,-0.019166666666666554,49-3052,Motorcycle Mechanics
49-3053,2.5825,3.0116666666666667,-0.4291666666666667,49-3053,Outdoor Power Equipment and Other Small Engine Mechanics
49-3091,2.8525,3.1483333333333334,-0.2958333333333334,49-3091,Bicycle Repairers
49-3092,2.6075,3.091666666666667,-0.48416666666666686,49-3092,Recreational Vehicle Service Technicians
49-3093,2.07,2.585,-0.5150000000000001,49-3093,Tire Repairers and Changers
49-9011,2.7,2.905,-0.20499999999999963,49-9011,Mechanical Door Repairers
49-9012,2.825,2.89,-0.06499999999999995,49-9012,"Control and Valve Installers and Repairers, Except Mechanical Door"
49-9021,3.4475,3.438333333333333,0.009166666666666767,49-9021,"Heating, Air Conditioning, and Refrigeration Mechanics and Installers"
49-9031,3.035,2.565,0.4700000000000002,49-9031,Home Appliance Repairers
49-9041,2.3775,2.4116666666666666,-0.03416666666666668,49-9041,Industrial Machinery Mechanics
49-9043,2.2675,2.2983333333333333,-0.030833333333333268,49-9043,"Maintenance Workers, Machinery"
49-9044,2.8175,3.3016666666666663,-0.4841666666666664,49-9044,Millwrights
49-9045,1.705,2.22,-0.5150000000000001,49-9045,"Refractory Materials Repairers, Except Brickmasons"
49-9051,2.2375,3.0516666666666663,-0.8141666666666665,49-9051,Electrical Power-Line Installers and Repairers
49-9052,3.2875,3.2866666666666666,0.0008333333333334636,49-9052,Telecommunications Line Installers and Repairers
49-9061,2.8725,2.2266666666666666,0.6458333333333335,49-9061,Camera and Photographic Equipment Repairers
49-9062,2.7775,2.6916666666666664,0.08583333333333343,49-9062,Medical Equipment Repairers
49-9063,2.5275,2.695,-0.16749999999999998,49-9063,Musical Instrument Repairers and Tuners
49-9064,2.6925,2.2800000000000002,0.41249999999999964,49-9064,Watch and Clock Repairers
49-9071,2.3625,2.7600000000000002,-0.3975000000000004,49-9071,"Maintenance and Repair Workers, General"
49-9081,3.1875,3.0966666666666662,0.09083333333333377,49-9081,Wind Turbine Service Technicians
49-9091,2.745,2.433333333333333,0.311666666666667,49-9091,"Coin, Vending, and Amusement Machine Servicers and Repairers"
49-9092,2.4299999999999997,3.3699999999999997,-0.94,49-9092,Commercial Divers
49-9094,3.1075,3.171666666666667,-0.06416666666666693,49-9094,Locksmiths and Safe Repairers
49-9095,2.2375,3.69,-1.4525000000000001,49-9095,Manufactured Building and Mobile Home Installers
49-9096,2.65,3.0766666666666667,-0.42666666666666675,49-9096,Riggers
49-9097,2.26,2.81,-0.5500000000000003,49-9097,Signal and Track Switch Repairers
49-9098,2.6775,3.1566666666666667,-0.4791666666666665,49-9098,"Helpers--Installation, Maintenance, and Repair Workers"
49-9099,2.83,2.686666666666667,0.1433333333333331,49-9099,"Installation, Maintenance, and Repair Workers, All Other"
51-1011,2.975,2.585,0.3900000000000001,51-1011,First-Line Supervisors of Production and Operating Workers
51-2011,2.7125,2.59,0.12250000000000005,51-2011,"Aircraft Structure, Surfaces, Rigging, and Systems Assemblers"
51-2021,2.88,2.5050000000000003,0.37499999999999956,51-2021,"Coil Winders, Tapers, and Finishers"
51-2031,2.3275,2.5633333333333335,-0.23583333333333334,51-2031,Engine and Other Machine Assemblers
51-2041,2.435,2.3699999999999997,0.06500000000000039,51-2041,Structural Metal Fabricators and Fitters
51-2051,2.5375,2.4499999999999997,0.08750000000000036,51-2051,Fiberglass Laminators and Fabricators
51-2061,2.04,1.9483333333333333,0.09166666666666679,51-2061,Timing Device Assemblers and Adjusters
51-3011,2.1174999999999997,2.0100000000000002,0.10749999999999948,51-3011,Bakers
51-3021,2.0149999999999997,2.026666666666667,-0.011666666666667158,51-3021,Butchers and Meat Cutters
51-3022,2.94,2.9966666666666666,-0.05666666666666664,51-3022,"Meat, Poultry, and Fish Cutters and Trimmers"
51-3023,2.17,2.085,0.08499999999999996,51-3023,Slaughterers and Meat Packers
51-3091,1.8225,1.9749999999999999,-0.15249999999999986,51-3091,"Food and Tobacco Roasting, Baking, and Drying Machine Operators and Tenders"
51-3092,2.87,2.65,0.2200000000000002,51-3092,Food Batchmakers
51-3093,2.205,1.9683333333333335,0.23666666666666658,51-3093,Food Cooking Machine Operators and Tenders
51-4021,2.1425,2.4716666666666667,-0.3291666666666666,51-4021,"Extruding and Drawing Machine Setters, Operators, and Tenders, Metal and Plastic"
51-4022,1.9024999999999999,1.7733333333333332,0.12916666666666665,51-4022,"Forging Machine Setters, Operators, and Tenders, Metal and Plastic"
51-4023,2.07,2.335,-0.2650000000000001,51-4023,"Rolling Machine Setters, Operators, and Tenders, Metal and Plastic"
51-4031,1.87,1.7850000000000001,0.08499999999999996,51-4031,"Cutting, Punching, and Press Machine Setters, Operators, and Tenders, Metal and Plastic"
51-4032,2.7175000000000002,2.6233333333333335,0.09416666666666673,51-4032,"Drilling and Boring Machine Tool Setters, Operators, and Tenders, Metal and Plastic"
51-4033,2.3225,2.0100000000000002,0.31249999999999956,51-4033,"Grinding, Lapping, Polishing, and Buffing Machine Tool Setters, Operators, and Tenders, Metal and Plastic"
51-4034,2.7825,2.5616666666666665,0.22083333333333366,51-4034,"Lathe and Turning Machine Tool Setters, Operators, and Tenders, Metal and Plastic"
51-4035,2.7975000000000003,2.4583333333333335,0.33916666666666684,51-4035,"Milling and Planing Machine Setters, Operators, and Tenders, Metal and Plastic"
51-4041,2.3375,1.9749999999999999,0.36250000000000004,51-4041,Machinists
51-4051,2.3875,2.436666666666667,-0.0491666666666668,51-4051,Metal-Refining Furnace Operators and Tenders
51-4052,1.6825,1.7833333333333332,-0.10083333333333311,51-4052,"Pourers and Casters, Metal"
51-4061,2.64,2.2383333333333333,0.40166666666666684,51-4061,"Model Makers, Metal and Plastic"
51-4062,2.6825,2.2583333333333333,0.4241666666666668,51-4062,"Patternmakers, Metal and Plastic"
51-4071,2.52,2.59,-0.06999999999999984,51-4071,Foundry Mold and Coremakers
51-4072,2.15,1.8916666666666666,0.2583333333333333,51-4072,"Molding, Coremaking, and Casting Machine Setters, Operators, and Tenders, Metal and Plastic"
51-4081,2.4675,2.25,0.2174999999999998,51-4081,"Multiple Machine Tool Setters, Operators, and Tenders, Metal and Plastic"
51-4111,2.4725,2.1816666666666666,0.2908333333333335,51-4111,Tool and Die Makers
51-4121,2.0875,2.223333333333333,-0.13583333333333325,51-4121,"Welders, Cutters, Solderers, and Brazers"
51-4122,2.2,2.2083333333333335,-0.008333333333333304,51-4122,"Welding, Soldering, and Brazing Machine Setters, Operators, and Tenders"
51-4191,2.2375,2.0033333333333334,0.2341666666666664,51-4191,"Heat Treating Equipment Setters, Operators, and Tenders, Metal and Plastic"
51-4192,2.7750000000000004,2.598333333333333,0.1766666666666672,51-4192,"Layout Workers, Metal and Plastic"
51-4193,2.64,2.7516666666666665,-0.11166666666666636,51-4193,"Plating Machine Setters, Operators, and Tenders, Metal and Plastic"
51-4194,2.225,2.1233333333333335,0.10166666666666657,51-4194,"Tool Grinders, Filers, and Sharpeners"
51-5111,2.9675,1.7966666666666669,1.170833333333333,51-5111,Prepress Technicians and Workers
51-5112,2.05,2.0100000000000002,0.03999999999999959,51-5112,Printing Press Operators
51-5113,2.42,1.9916666666666665,0.42833333333333345,51-5113,Print Binding and Finishing Workers
51-6011,1.8299999999999998,1.7183333333333335,0.11166666666666636,51-6011,Laundry and Dry-Cleaning Workers
51-6021,2.0025,2.3633333333333333,-0.36083333333333334,51-6021,"Pressers, Textile, Garment, and Related Materials"
51-6031,1.6375,1.75,-0.11250000000000004,51-6031,Sewing Machine Operators
51-6041,1.545,1.8833333333333335,-0.3383333333333336,51-6041,Shoe and Leather Workers and Repairers
51-6042,1.9375,1.8983333333333332,0.039166666666666794,51-6042,Shoe Machine Operators and Tenders
51-6051,1.9775,1.835,0.14250000000000007,51-6051,"Sewers, Hand"
51-6052,2.6175,2.09,0.5275000000000003,51-6052,"Tailors, Dressmakers, and Custom Sewers"
51-6061,1.8175,1.8099999999999998,0.007500000000000062,51-6061,Textile Bleaching and Dyeing Machine Operators and Tenders
51-6062,2.1075,1.8966666666666665,0.21083333333333343,51-6062,"Textile Cutting Machine Setters, Operators, and Tenders"
51-6063,1.92,1.9266666666666667,-0.006666666666666821,51-6063,"Textile Knitting and Weaving Machine Setters, Operators, and Tenders"
51-6064,2.4325,2.3583333333333334,0.07416666666666671,51-6064,"Textile Winding, Twisting, and Drawing Out Machine Setters, Operators, and Tenders"
51-6091,2.485,2.3633333333333333,0.12166666666666659,51-6091,"Extruding and Forming Machine Setters, Operators, and Tenders, Synthetic and Glass Fibers"
51-6092,2.7175000000000002,1.8383333333333332,0.8791666666666671,51-6092,Fabric and Apparel Patternmakers
51-6093,1.7925,2.148333333333333,-0.355833333333333,51-6093,Upholsterers
51-7011,2.1125,2.1233333333333335,-0.010833333333333695,51-7011,Cabinetmakers and Bench Carpenters
51-7021,1.8575,2.3383333333333334,-0.48083333333333345,51-7021,Furniture Finishers
51-7031,2.5075000000000003,2.4766666666666666,0.030833333333333712,51-7031,"Model Makers, Wood"
51-7032,2.7175,2.6916666666666664,0.025833333333333375,51-7032,"Patternmakers, Wood"
51-7041,1.6575,1.9766666666666666,-0.3191666666666666,51-7041,"Sawing Machine Setters, Operators, and Tenders, Wood"
51-7042,1.835,2.183333333333333,-0.34833333333333316,51-7042,"Woodworking Machine Setters, Operators, and Tenders, Except Sawing"
51-8011,2.3925,2.3733333333333335,0.019166666666666554,51-8011,Nuclear Power Reactor Operators
51-8012,2.9924999999999997,2.6033333333333335,0.3891666666666662,51-8012,Power Distributors and Dispatchers
51-8013,2.7116666666666664,2.8322222222222226,-0.1205555555555562,51-8013,Power Plant Operators
51-8021,2.5300000000000002,2.603333333333333,-0.0733333333333328,51-8021,Stationary Engineers and Boiler Operators
51-8031,3.0324999999999998,2.8766666666666665,0.15583333333333327,51-8031,Water and Wastewater Treatment Plant and System Operators
51-8091,2.5175,2.453333333333333,0.06416666666666693,51-8091,Chemical Plant and System Operators
51-8092,2.91,2.901666666666667,0.008333333333333304,51-8092,Gas Plant Operators
51-8093,2.5225,2.5433333333333334,-0.02083333333333348,51-8093,"Petroleum Pump System Operators, Refinery Operators, and Gaugers"
51-8099,2.52,2.641666666666667,-0.12166666666666703,51-8099,"Plant and System Operators, All Other"
51-9011,2.515,2.0933333333333333,0.42166666666666686,51-9011,Chemical Equipment Operators and Tenders
51-9012,2.5825,2.2533333333333334,0.3291666666666666,51-9012,"Separating, Filtering, Clarifying, Precipitating, and Still Machine Setters, Operators, and Tenders"
51-9021,2.6125,2.22,0.3924999999999996,51-9021,"Crushing, Grinding, and Polishing Machine Setters, Operators, and Tenders"
51-9022,2.17,2.25,-0.08000000000000007,51-9022,"Grinding and Polishing Workers, Hand"
51-9023,1.9675,1.835,0.13250000000000006,51-9023,"Mixing and Blending Machine Setters, Operators, and Tenders"
51-9031,1.635,1.5116666666666667,0.1233333333333333,51-9031,"Cutters and Trimmers, Hand"
51-9032,3.02,2.5766666666666667,0.44333333333333336,51-9032,"Cutting and Slicing Machine Setters, Operators, and Tenders"
51-9041,2.575,2.315,0.26000000000000023,51-9041,"Extruding, Forming, Pressing, and Compacting Machine Setters, Operators, and Tenders"
51-9051,2.4125,2.5066666666666664,-0.09416666666666629,51-9051,"Furnace, Kiln, Oven, Drier, and Kettle Operators and Tenders"
51-9061,2.57,2.3816666666666664,0.18833333333333346,51-9061,"Inspectors, Testers, Sorters, Samplers, and Weighers"
51-9071,2.90125,2.3075,0.59375,51-9071,Jewelers and Precious Stone and Metal Workers
51-9081,2.395,2.158333333333333,0.2366666666666668,51-9081,Dental Laboratory Technicians
51-9082,2.7925,2.44,0.35250000000000004,51-9082,Medical Appliance Technicians
51-9083,2.5475,2.263333333333333,0.2841666666666667,51-9083,Ophthalmic Laboratory Technicians
51-9111,2.515,2.595,-0.08000000000000007,51-9111,Packaging and Filling Machine Operators and Tenders
51-9123,1.685,1.7316666666666667,-0.046666666666666634,51-9123,"Painting, Coating, and Decorating Workers"
51-9124,1.575,1.8016666666666667,-0.2266666666666668,51-9124,"Coating, Painting, and Spraying Machine Setters, Operators, and Tenders"
51-9141,2.4375,2.31,0.12749999999999995,51-9141,Semiconductor Processing Technicians
51-9151,2.355,1.97,0.385,51-9151,Photographic Process Workers and Processing Machine Operators
51-9161,2.8775,2.1716666666666664,0.7058333333333335,51-9161,Computer Numerically Controlled Tool Operators
51-9162,3.1225,2.2183333333333333,0.9041666666666668,51-9162,Computer Numerically Controlled Tool Programmers
51-9191,2.4025,2.3733333333333335,0.02916666666666634,51-9191,Adhesive Bonding Machine Operators and Tenders
51-9192,1.5675,1.8766666666666667,-0.3091666666666668,51-9192,"Cleaning, Washing, and Metal Pickling Equipment Operators and Tenders"
51-9193,2.2625,2.295,-0.03249999999999975,51-9193,Cooling and Freezing Equipment Operators and Tenders
51-9194,2.375,2.0166666666666666,0.3583333333333334,51-9194,Etchers and Engravers
51-9195,2.48125,2.314583333333333,0.16666666666666696,51-9195,"Molders, Shapers, and Casters, Except Metal and Plastic"
51-9196,2.3225,2.3366666666666664,-0.01416666666666666,51-9196,"Paper Goods Machine Setters, Operators, and Tenders"
51-9197,1.9975,2.311666666666667,-0.3141666666666669,51-9197,Tire Builders
51-9198,2.2399999999999998,2.235,0.004999999999999893,51-9198,Helpers--Production Workers
53-1041,3.2775,3.223333333333333,0.054166666666666696,53-1041,Aircraft Cargo Handling Supervisors
53-2011,2.4325,2.986666666666667,-0.5541666666666667,53-2011,"Airline Pilots, Copilots, and Flight Engineers"
53-2012,2.4450000000000003,2.8850000000000002,-0.43999999999999995,53-2012,Commercial Pilots
53-2021,2.4825,2.6416666666666666,-0.15916666666666668,53-2021,Air Traffic Controllers
53-2022,2.9725,3.2100000000000004,-0.23750000000000027,53-2022,Airfield Operations Specialists
53-2031,2.3825000000000003,3.098333333333333,-0.7158333333333329,53-2031,Flight Attendants
53-3011,2.51,3.043333333333333,-0.5333333333333332,53-3011,"Ambulance Drivers and Attendants, Except Emergency Medical Technicians"
53-3031,2.415,2.5483333333333333,-0.1333333333333333,53-3031,Driver/Sales Workers
53-3032,2.3125,2.9283333333333332,-0.6158333333333332,53-3032,Heavy and Tractor-Trailer Truck Drivers
53-3033,2.1825,2.5283333333333333,-0.3458333333333332,53-3033,Light Truck Drivers
53-3051,1.71,3.1,-1.3900000000000001,53-3051,"Bus Drivers, School"
53-3052,2.3475,3.061666666666666,-0.714166666666666,53-3052,"Bus Drivers, Transit and Intercity"
53-3053,3.1625,3.5683333333333334,-0.40583333333333327,53-3053,Shuttle Drivers and Chauffeurs
53-4011,2.3825000000000003,2.83,-0.4474999999999998,53-4011,Locomotive Engineers
53-4013,2.37,2.8000000000000003,-0.43000000000000016,53-4013,"Rail Yard Engineers, Dinkey Operators, and Hostlers"
53-4022,2.1375,2.7550000000000003,-0.6175000000000002,53-4022,"Railroad Brake, Signal, and Switch Operators and Locomotive Firers"
53-4031,2.36,2.8816666666666664,-0.5216666666666665,53-4031,Railroad Conductors and Yardmasters
53-4041,1.82,2.8699999999999997,-1.0499999999999996,53-4041,Subway and Streetcar Operators
53-5011,2.0324999999999998,2.475,-0.44250000000000034,53-5011,Sailors and Marine Oilers
53-5021,2.5025,3.0766666666666667,-0.5741666666666667,53-5021,"Captains, Mates, and Pilots of Water Vessels"
53-5022,2.3274999999999997,3.1950000000000003,-0.8675000000000006,53-5022,Motorboat Operators
53-5031,2.66,3.0683333333333334,-0.4083333333333332,53-5031,Ship Engineers
53-6011,2.3475,2.513333333333333,-0.16583333333333306,53-6011,Bridge and Lock Tenders
53-6021,2.1574999999999998,2.32,-0.1625000000000001,53-6021,Parking Attendants
53-6031,2.9075,2.645,0.2625000000000002,53-6031,Automotive and Watercraft Service Attendants
53-6032,2.245,2.615,-0.3700000000000001,53-6032,Aircraft Service Attendants
53-6041,3.11,3.091666666666667,0.01833333333333309,53-6041,Traffic Technicians
53-6051,2.7983333333333333,3.0244444444444443,-0.22611111111111093,53-6051,Transportation Inspectors
53-6061,1.5675,2.861666666666667,-1.294166666666667,53-6061,Passenger Attendants
53-7011,1.5025,2.1683333333333334,-0.6658333333333335,53-7011,Conveyor Operators and Tenders
53-7021,2.1875,2.6233333333333335,-0.4358333333333335,53-7021,Crane and Tower Operators
53-7031,1.9175,2.3249999999999997,-0.40749999999999975,53-7031,Dredge Operators
53-7041,2.2,2.566666666666667,-0.3666666666666667,53-7041,Hoist and Winch Operators
53-7051,2.15,2.1783333333333332,-0.02833333333333332,53-7051,Industrial Truck and Tractor Operators
53-7061,2.355,2.5683333333333334,-0.21333333333333337,53-7061,Cleaners of Vehicles and Equipment
53-7062,2.385,2.521666666666667,-0.13666666666666716,53-7062,"Laborers and Freight, Stock, and Material Movers, Hand"
53-7063,2.5,2.2083333333333335,0.2916666666666665,53-7063,Machine Feeders and Offbearers
53-7064,2.465,2.445,0.020000000000000018,53-7064,"Packers and Packagers, Hand"
53-7065,2.375,2.263333333333333,0.1116666666666668,53-7065,Stockers and Order Fillers
53-7071,2.7775,2.9,-0.12250000000000005,53-7071,Gas Compressor and Gas Pumping Station Operators
53-7072,2.7075,2.2966666666666664,0.4108333333333336,53-7072,"Pump Operators, Except Wellhead Pumpers"
53-7073,2.4725,2.3516666666666666,0.12083333333333357,53-7073,Wellhead Pumpers
53-7081,1.915,2.1733333333333333,-0.2583333333333333,53-7081,Refuse and Recyclable Material Collectors
53-7121,2.185,2.4483333333333333,-0.2633333333333332,53-7121,"Tank Car, Truck, and Ship Loaders"
