soc_code,occupation_title,employment_2025,forecast_2030,forecast_2035
11-1011,Chief Executives,204350.0,189992.72727272706,180294.09090909082
11-1021,General and Operations Managers,3503020.0,4505220.0,5369624.090909123
11-2011,Advertising and Promotions Managers,21470.0,15000.0,10369.090909090824
11-2021,Marketing Managers,395240.0,501613.6363636404,609306.8181818202
11-2022,Sales Managers,637080.0,761357.2727272734,911123.636363633
11-2032,Public Relations Managers,74850.0,98806.0,119696.0
11-2033,Fundraising Managers,38810.0,60738.0,81698.0
11-3012,Administrative Services Managers,263960.0,311737.0,359862.0
11-3013,Facilities Managers,156180.0,223183.0,290188.0
11-3021,Computer and Information Systems Managers,670570.0,827787.272727266,1002149.9999999851
11-3031,Financial Managers,841710.0,1002638.1818181872,1166261.363636367
11-3051,Industrial Production Managers,246250.0,275735.45454545505,315263.18181818165
11-3061,Purchasing Managers,84320.0,85548.18181818165,91285.90909090918
11-3071,"Transportation, Storage, and Distribution Managers",221180.0,270872.7272727266,330048.6363636367
11-3111,Compensation and Benefits Managers,22940.0,23108.18181818188,26050.454545454588
11-3121,Human Resources Managers,220660.0,267359.0909090899,317922.7272727266
11-3131,Training and Development Managers,48050.0,52657.27272727294,59820.000000000466
11-9013,"Farmers, Ranchers, and Other Agricultural Managers",6500.0,7532.727272727236,8614.090909090883
11-9021,Construction Managers,380360.0,417494.5454545468,478237.2727272734
11-9031,"Education Administrators, Preschool and Childcare Center/Program",73660.0,83107.27272727247,96495.0
11-9032,"Education Administrators, Elementary and Secondary School",328330.0,365004.5454545431,409500.4545454532
11-9033,"Education Administrators, Postsecondary",180470.0,200203.6363636367,223365.45454545505
11-9041,Architectural and Engineering Managers,220260.0,233052.7272727266,252339.54545454495
11-9051,Food Service Managers,238430.0,263855.4545454532,285187.7272727266
11-9071,Gaming Managers,5030.0,4983.636363636353,5323.636363636353
11-9072,"Entertainment and Recreation Managers, Except Gambling",37980.0,66901.0,93956.0
11-9081,Lodging Managers,42620.0,45019.090909090824,48600.45454545459
11-9111,Medical and Health Services Managers,597080.0,714139.0909090862,855038.636363633
11-9121,Natural Sciences Managers,108690.0,133168.1818181835,161947.72727272846
11-9131,Postmasters and Mail Superintendents,13810.0,12907.272727272735,12425.0
11-9141,"Property, Real Estate, and Community Association Managers",311180.0,376798.1818181835,448276.3636363633
11-9151,Social and Community Service Managers,209330.0,235815.45454545505,274281.81818181835
11-9161,Emergency Management Directors,13500.0,14497.272727272706,16365.0
11-9171,Funeral Home Managers,13910.0,18501.428571428405,22294.28571428545
11-9179,"Personal Service Managers, All Other",10450.0,15155.0,19080.0
11-9199,"Managers, All Other",622190.0,757851.4897959158,885014.0408163294
13-1011,"Agents and Business Managers of Artists, Performers, and Athletes",12620.0,12711.818181818177,11995.0
13-1031,"Claims Adjusters, Examiners, and Investigators",324230.0,325762.7272727275,344220.0
13-1032,"Insurance Appraisers, Auto Damage",11560.0,5399.090909091057,1753.1818181818817
13-1041,Compliance Officers,417070.0,488707.2727272697,566863.1818181798
13-1051,Cost Estimators,224220.0,225248.18181818188,230521.36363636353
13-1071,Human Resources Specialists,912430.0,1185532.727272734,1426184.0909090936
13-1074,Farm Labor Contractors,310.0,-26.81818181819108,-307.72727272727934
13-1075,Labor Relations Specialists,64810.0,50682.72727272706,40649.090909090824
13-1081,Logisticians,251040.0,300674.5454545468,356322.2727272734
13-1082,Project Management Specialists,1066670.0,1487155.0,1891090.0
13-1111,Management Analysts,898280.0,1048803.636363633,1198348.636363633
13-1121,"Meeting, Convention, and Event Planners",142860.0,155384.54545454495,177027.7272727266
13-1131,Fundraisers,111040.0,132168.1818181835,155549.5454545468
13-1141,"Compensation, Benefits, and Job Analysis Specialists",112380.0,120749.99999999907,135846.81818181742
13-1151,Training and Development Specialists,458300.0,541907.2727272734,643425.4545454532
13-1161,Market Research Analysts and Marketing Specialists,899580.0,1099735.4545454383,1294984.545454532
13-1199,"Business Operations Specialists, All Other",1087090.0,1206898.0816326514,1290297.673469387
13-2011,Accountants and Auditors,1449500.0,1582847.2727272734,1711351.363636367
13-2031,Budget Analysts,47160.0,40569.99999999977,35555.454545454355
13-2041,Credit Analysts,64390.0,64984.54545454541,61788.18181818165
13-2052,Personal Financial Advisors,266800.0,330661.8181818202,378519.5454545468
13-2053,Insurance Underwriters,105420.0,118280.0,127531.81818181835
13-2061,Financial Examiners,67830.0,78628.18181818165,88119.54545454541
13-2071,Credit Counselors,27770.0,24323.63636363647,20881.363636363763
13-2072,Loan Officers,274330.0,305151.818181818,302704.9999999999
13-2081,"Tax Examiners and Collectors, and Revenue Agents",56610.0,48731.81818181835,45848.63636363647
13-2082,Tax Preparers,76480.0,84141.81818181835,89602.27272727294
13-2099,"Financial Specialists, All Other",132130.0,128675.16326530615,129819.34693877556
15-1211,Computer Systems Analysts,519530.0,421935.7142857164,356180.3571428582
15-1212,Information Security Analysts,190650.0,246052.85714285448,298951.0714285672
15-1221,Computer and Information Research Scientists,37200.0,45258.57142857136,52428.214285714086
15-1231,Computer Network Support Specialists,146190.0,106378.5714285709,68746.42857142724
15-1232,Computer User Support Specialists,717190.0,782412.8571428582,848439.6428571455
15-1241,Computer Network Architects,179740.0,204352.85714285634,226236.78571428545
15-1242,Database Administrators,69990.0,49770.0,30220.0
15-1243,Database Architects,67140.0,85938.0,103788.0
15-1244,Network and Computer Systems Administrators,314340.0,282932.85714285634,255066.78571428545
15-1251,Computer Programmers,92230.0,582.8571428582072,-87043.92857142538
15-1252,Software Developers,1687890.0,2116585.0,2500120.0
15-1253,Software Quality Assurance Analysts and Testers,186740.0,192858.0,191168.0
15-1254,Web Developers,70190.0,54254.0,34744.0
15-1255,Web and Digital Interface Designers,113330.0,156269.0,194244.0
15-1299,"Computer Occupations, All Other",435370.0,506941.4285714291,568943.2142857164
15-2011,Actuaries,26670.0,31737.272727272706,36108.18181818188
15-2021,Mathematicians,2030.0,1405.4545454545296,898.636363636353
15-2031,Operations Research Analysts,108510.0,113004.54545454541,117275.45454545459
15-2041,Statisticians,29030.0,27647.27272727294,24714.090909091057
15-2051,Data Scientists,262440.0,461551.0,654916.0
15-2099,"Mathematical Science Occupations, All Other",3720.0,5853.522012578673,7149.198113207589
17-1011,"Architects, Except Landscape and Naval",106770.0,116648.18181818165,122800.90909090918
17-1012,Landscape Architects,19600.0,19331.818181818184,19313.636363636364
17-1021,Cartographers and Photogrammetrists,14260.0,14395.454545454588,15424.09090909094
17-1022,Surveyors,50830.0,56217.272727272706,61009.54545454541
17-2011,Aerospace Engineers,67710.0,64074.545454545456,63835.90909090909
17-2021,Agricultural Engineers,1480.0,1133.636363636353,866.8181818181765
17-2031,Biomedical Engineers,23480.0,21239.09090909091,21856.363636363647
17-2041,Chemical Engineers,21070.0,11268.181818181649,3594.545454545412
17-2051,Civil Engineers,367840.0,387270.9090909101,424418.6363636367
17-2061,Computer Hardware Engineers,76660.0,80787.2727272727,85165.0
17-2071,Electrical Engineers,198750.0,196654.54545454588,202063.6363636367
17-2072,"Electronics Engineers, Except Computer",96900.0,68317.2727272734,43898.18181818351
17-2081,Environmental Engineers,38340.0,29601.81818181835,20845.0
17-2111,"Health and Safety Engineers, Except Mining Safety Engineers and Inspectors",21450.0,19509.09090909094,17269.09090909094
17-2112,Industrial Engineers,365740.0,413530.9090909101,470510.9090909101
17-2121,Marine Engineers and Naval Architects,8250.0,8120.0,7654.090909090912
17-2131,Materials Engineers,22770.0,19220.909090908943,16434.090909090824
17-2141,Mechanical Engineers,296810.0,287835.4545454546,287186.36363636365
17-2151,"Mining and Geological Engineers, Including Mining Safety Engineers",6080.0,6433.636363636368,6283.636363636368
17-2161,Nuclear Engineers,15280.0,11279.090909090824,9353.181818181765
17-2171,Petroleum Engineers,18060.0,7742.727272727527,-1678.1818181816489
17-2199,"Engineers, All Other",154070.0,173873.63636363577,188752.7272727266
17-3011,Architectural and Civil Drafters,103700.0,115711.81818181835,122875.45454545459
17-3012,Electrical and Electronics Drafters,17920.0,13067.272727272706,8035.0
17-3013,Mechanical Drafters,39960.0,25816.363636363298,12811.818181818351
17-3021,Aerospace Engineering and Operations Technicians,11280.0,8862.727272727294,7760.0
17-3022,Civil Engineering Technicians,68520.0,58404.54545454541,53832.272727272706
17-3023,Electrical and Electronics Engineering Technicians,95130.0,63164.54545454495,37801.3636363633
17-3024,Electro-Mechanical Technicians,15520.0,15299.090909090883,15942.272727272706
17-3025,Environmental Engineering Technicians,12190.0,9660.909090909176,6733.6363636364695
17-3026,Industrial Engineering Technicians,75570.0,78533.63636363624,84266.36363636376
17-3027,Mechanical Engineering Technicians,36190.0,30797.272727272473,25544.545454544947
17-3029,"Engineering Technicians, Except Drafters, All Other",59930.0,57553.47959183669,50731.081632652786
17-3031,Surveying and Mapping Technicians,58010.0,59890.0,62491.36363636376
19-1011,Animal Scientists,3100.0,2895.454545454544,3039.0909090909117
19-1012,Food Scientists and Technologists,13060.0,13296.363636363647,12966.818181818177
19-1013,Soil and Plant Scientists,15730.0,17081.818181818177,18061.818181818177
19-1021,Biochemists and Biophysicists,33830.0,37622.72727272706,40600.90909090894
19-1022,Microbiologists,18940.0,18425.454545454588,17540.909090909117
19-1023,Zoologists and Wildlife Biologists,18120.0,16811.818181818177,16439.09090909091
19-1029,"Biological Scientists, All Other",55850.0,75350.90909090918,89921.81818181835
19-1031,Conservation Scientists,25950.0,27461.81818181812,29885.45454545447
19-1032,Foresters,10430.0,10968.181818181823,11859.090909090883
19-1041,Epidemiologists,12090.0,14836.363636363763,18100.909090909176
19-1042,"Medical Scientists, Except Epidemiologists",172340.0,177164.54545454495,202884.54545454495
19-2011,Astronomers,2120.0,2032.7272727272739,2067.272727272728
19-2012,Physicists,20430.0,22883.636363636237,25301.36363636353
19-2021,Atmospheric and Space Scientists,10000.0,9092.72727272728,8892.272727272735
19-2031,Chemists,82770.0,80975.45454545447,79604.09090909082
19-2032,Materials Scientists,8470.0,8890.909090909088,9550.00000000003
19-2041,"Environmental Scientists and Specialists, Including Health",89250.0,82472.72727272725,82260.45454545452
19-2042,"Geoscientists, Except Hydrologists and Geographers",23470.0,17991.81818181835,13508.63636363647
19-2043,Hydrologists,5850.0,5622.727272727265,5320.0
19-2099,"Physical Scientists, All Other",22300.0,23130.0,24850.0
19-3011,Economists,17790.0,14316.363636363647,12597.727272727294
19-3022,Survey Researchers,8290.0,4379.090909090824,1580.0
19-3032,Industrial-Organizational Psychologists,790.0,937.2727272727279,956.818181818182
19-3033,Clinical and Counseling Psychologists,75990.0,99741.0,122286.0
19-3034,School Psychologists,63940.0,73652.0,82272.0
19-3039,"Psychologists, All Other",18820.0,19570.909090909176,22081.818181818235
19-3041,Sociologists,2260.0,2656.363636363636,2630.454545454544
19-3051,Urban and Regional Planners,44230.0,48385.45454545459,53079.54545454541
19-3091,Anthropologists and Archeologists,8990.0,9282.727272727294,10366.363636363647
19-3092,Geographers,1400.0,1466.3636363636379,1502.7272727272739
19-3093,Historians,3450.0,3314.545454545456,3447.727272727272
19-3094,Political Scientists,5540.0,6055.454545454544,6235.909090909088
19-3099,"Social Scientists and Related Workers, All Other",37100.0,36260.0,36815.45454545453
19-4012,Agricultural Technicians,15130.0,16902.0,19072.0
19-4013,Food Science Technicians,14600.0,18167.0,21162.0
19-4021,Biological Technicians,69620.0,74320.90909090912,73623.18181818182
19-4031,Chemical Technicians,57540.0,49428.18181818165,43580.45454545412
19-4042,"Environmental Science and Protection Technicians, Including Health",34670.0,39705.71428571432,43186.07142857136
19-4043,"Geological Technicians, Except Hydrologic Technicians",6980.0,6042.0,4082.0
19-4051,Nuclear Technicians,6470.0,5221.8181818181765,4691.8181818181765
19-4061,Social Science Research Assistants,30640.0,31917.27272727272,32106.363636363632
19-4071,Forest and Conservation Technicians,30410.0,38202.857142857276,44311.785714285914
19-4092,Forensic Science Technicians,19120.0,21700.909090909176,24198.18181818188
19-4099,"Life, Physical, and Social Science Technicians, All Other",73910.0,72320.90909090906,74410.90909090906
19-5011,Occupational Health and Safety Specialists,140610.0,177804.28571428545,217873.9285714291
19-5012,Occupational Health and Safety Technicians,30590.0,41337.142857142724,51435.35714285681
21-1012,"Educational, Guidance, School, and Vocational Counselors",353310.0,393382.7272727303,440650.4545454569
21-1013,Marriage and Family Therapists,66740.0,87854.54545454588,104820.00000000093
21-1015,Rehabilitation Counselors,94740.0,77280.00000000047,67474.09090909129
21-1021,"Child, Family, and School Social Workers",392550.0,428683.6363636367,475399.0909090899
21-1022,Healthcare Social Workers,187630.0,205700.9090909101,221429.09090909176
21-1023,Mental Health and Substance Abuse Social Workers,132810.0,130010.90909090918,136716.36363636376
21-1091,Health Educators,65690.0,64671.81818181812,67501.81818181812
21-1092,Probation Officers and Correctional Treatment Specialists,89390.0,89151.81818181816,89494.0909090909
21-1093,Social and Human Service Assistants,437860.0,463731.81818181835,496957.72727272846
21-1094,Community Health Workers,61660.0,68957.27272727247,74718.18181818165
21-2011,Clergy,57200.0,61981.81818181812,66624.09090909082
21-2021,"Directors, Religious Activities and Education",22160.0,23621.818181818177,24632.727272727236
23-1011,Lawyers,754500.0,830448.1818181835,907598.1818181835
23-1012,Judicial Law Clerks,13290.0,14339.090909090912,14211.818181818184
23-1021,"Administrative Law Judges, Adjudicators, and Hearing Officers",16370.0,15686.363636363647,16236.818181818177
23-1022,"Arbitrators, Mediators, and Conciliators",9210.0,9428.181818181823,10680.45454545453
23-1023,"Judges, Magistrate Judges, and Magistrates",24030.0,23242.727272727294,21204.545454545412
23-2011,Paralegals and Legal Assistants,392880.0,440315.4545454569,496443.1818181835
23-2093,"Title Examiners, Abstractors, and Searchers",48580.0,46275.454545454355,43345.90909090894
25-1011,"Business Teachers, Postsecondary",82150.0,78770.90909090918,77011.81818181823
25-1021,"Computer Science Teachers, Postsecondary",35480.0,38015.45454545447,40008.181818181765
25-1022,"Mathematical Science Teachers, Postsecondary",47670.0,43281.81818181812,40190.454545454355
25-1031,"Architecture Teachers, Postsecondary",7700.0,8214.545454545441,8680.909090909088
25-1032,"Engineering Teachers, Postsecondary",40270.0,39679.09090909094,40659.54545454547
25-1041,"Agricultural Sciences Teachers, Postsecondary",8920.0,6859.090909090883,5670.45454545453
25-1042,"Biological Science Teachers, Postsecondary",50190.0,51056.36363636363,51046.81818181818
25-1043,"Forestry and Conservation Science Teachers, Postsecondary",1520.0,943.6363636363676,631.3636363636324
25-1051,"Atmospheric, Earth, Marine, and Space Sciences Teachers, Postsecondary",9900.0,10999.090909090908,11007.272727272726
25-1052,"Chemistry Teachers, Postsecondary",19980.0,19411.818181818177,18682.727272727236
25-1053,"Environmental Science Teachers, Postsecondary",6690.0,7544.54545454547,8242.727272727294
25-1054,"Physics Teachers, Postsecondary",13090.0,12628.181818181823,12151.818181818177
25-1061,"Anthropology and Archeology Teachers, Postsecondary",5240.0,4520.909090909088,4041.8181818181765
25-1062,"Area, Ethnic, and Cultural Studies Teachers, Postsecondary",11300.0,12145.45454545453,13161.818181818177
25-1063,"Economics Teachers, Postsecondary",11560.0,10917.272727272706,10097.272727272706
25-1064,"Geography Teachers, Postsecondary",3330.0,2657.272727272735,2122.272727272735
25-1065,"Political Science Teachers, Postsecondary",16970.0,16050.909090909088,16002.272727272724
25-1066,"Psychology Teachers, Postsecondary",41530.0,42746.36363636365,44819.54545454553
25-1067,"Sociology Teachers, Postsecondary",11850.0,9961.818181818118,8252.272727272706
25-1071,"Health Specialties Teachers, Postsecondary",221270.0,247267.2727272734,269193.1818181835
25-1072,"Nursing Instructors and Teachers, Postsecondary",77960.0,88140.0,100035.90909090918
25-1081,"Education Teachers, Postsecondary",60830.0,59482.727272727265,59349.54545454545
25-1082,"Library Science Teachers, Postsecondary",3630.0,3283.636363636324,2713.1818181817944
25-1111,"Criminal Justice and Law Enforcement Teachers, Postsecondary",13150.0,12560.0,11832.272727272706
25-1112,"Law Teachers, Postsecondary",20060.0,19612.727272727294,21064.09090909094
25-1113,"Social Work Teachers, Postsecondary",12610.0,13054.545454545456,13314.090909090912
25-1121,"Art, Drama, and Music Teachers, Postsecondary",93560.0,96007.27272727272,95943.63636363635
25-1122,"Communications Teachers, Postsecondary",29420.0,28605.454545454544,28611.363636363636
25-1123,"English Language and Literature Teachers, Postsecondary",57720.0,46009.09090909129,36818.181818182115
25-1124,"Foreign Language and Literature Teachers, Postsecondary",19830.0,12911.818181818351,7535.909090909176
25-1125,"History Teachers, Postsecondary",18790.0,16726.363636363647,14876.363636363647
25-1126,"Philosophy and Religion Teachers, Postsecondary",20460.0,18540.0,16741.81818181812
25-1192,"Home Economics Teachers, Postsecondary",2770.0,2240.909090909103,2047.2727272727352
25-1193,"Recreation and Fitness Studies Teachers, Postsecondary",12630.0,9188.181818181882,6285.0
25-1194,"Vocational Education Teachers, Postsecondary",114110.0,104019.09090909082,100407.2727272727
25-2011,"Preschool Teachers, Except Special Education",478780.0,485271.81818181835,520934.09090909176
25-2012,"Kindergarten Teachers, Except Special Education",108870.0,83630.0,61469.09090908989
25-2021,"Elementary School Teachers, Except Special Education",1388390.0,1382750.0,1378452.2727272727
25-2022,"Middle School Teachers, Except Special and Career/Technical Education",620090.0,607400.9090909094,602760.4545454548
25-2023,"Career/Technical Education Teachers, Middle School",16870.0,14833.636363636353,15906.818181818177
25-2031,"Secondary School Teachers, Except Special and Career/Technical Education",1065210.0,1102302.7272727266,1139046.3636363633
25-2032,"Career/Technical Education Teachers, Secondary School",111420.0,115725.45454545412,130839.99999999907
25-2051,"Special Education Teachers, Preschool",29510.0,24275.45454545456,23745.45454545456
25-2057,"Special Education Teachers, Middle School",95200.0,106281.42857142817,118477.85714285634
25-2058,"Special Education Teachers, Secondary School",163930.0,185615.71428571455,206205.0
25-2059,"Special Education Teachers, All Other",33930.0,38677.272727272735,38939.09090909091
25-3011,Adult Basic and Secondary Education and Literacy Teachers and Instructors,37310.0,15060.0,-1155.9090909091756
25-3021,Self-Enrichment Education Teachers,332110.0,340411.8181818165,384143.1818181798
25-3031,"Substitute Teachers, Short-Term",524770.0,423481.4285714291,391588.57142857276
25-3041,Tutors,175070.0,205756.0,233566.0
25-4011,Archivists,7970.0,8590.909090909117,9600.000000000058
25-4012,Curators,12150.0,12421.818181818191,12673.636363636368
25-4013,Museum Technicians and Conservators,12310.0,13351.818181818177,13960.45454545453
25-4022,Librarians and Media Collections Specialists,133790.0,131027.14285714284,129918.21428571426
25-4031,Library Technicians,68690.0,56097.27272727247,42802.72727272753
25-9021,Farm and Home Management Advisors,8220.0,9202.727272727265,9436.363636363632
25-9031,Instructional Coordinators,227760.0,264685.4545454532,306616.8181818165
25-9044,"Teaching Assistants, Postsecondary",164090.0,181672.8571428582,206133.57142857276
27-1011,Art Directors,53070.0,63615.45454545412,73411.81818181789
27-1012,Craft Artists,4580.0,4433.636363636368,4329.545454545456
27-1013,"Fine Artists, Including Painters, Sculptors, and Illustrators",11220.0,9957.272727272706,9314.545454545441
27-1014,Multimedia Artists and Animators,19970.0,20236.363636363763,16632.727272727527
27-1021,Commercial and Industrial Designers,33490.0,30560.0,30228.636363636353
27-1022,Fashion Designers,21450.0,22080.0,23019.54545454547
27-1023,Floral Designers,40590.0,37763.63636363635,35886.818181818235
27-1024,Graphic Designers,197830.0,204606.36363636376,201970.90909090918
27-1025,Interior Designers,71500.0,81002.72727272753,90946.36363636376
27-1026,Merchandise Displayers and Window Trimmers,165220.0,228501.81818181835,269709.09090909176
27-1027,Set and Exhibit Designers,10630.0,8551.818181818177,7509.54545454547
27-2012,Producers and Directors,143120.0,176768.18181818165,199748.18181818165
27-2021,Athletes and Sports Competitors,15070.0,16370.90909090906,18545.0
27-2022,Coaches and Scouts,248950.0,241808.18181818165,247777.72727272706
27-2023,"Umpires, Referees, and Other Sports Officials",15780.0,10605.454545454355,7738.636363636237
27-2032,Choreographers,2860.0,2465.4545454545296,1481.3636363635887
27-2041,Music Directors and Composers,12540.0,5372.727272727294,1506.8181818181183
27-3011,Radio and Television Announcers,21240.0,19081.81818181835,15255.909090909176
27-3023,"News Analysts, Reporters, and Journalists",39250.0,39681.42857142864,38133.21428571432
27-3031,Public Relations Specialists,283380.0,315154.54545454495,347510.45454545505
27-3041,Editors,91690.0,92523.63636363635,91107.2727272727
27-3042,Technical Writers,45500.0,48529.09090909091,48032.727272727265
27-3043,Writers and Authors,47940.0,53284.54545454541,56413.63636363624
27-3091,Interpreters and Translators,52060.0,53368.18181818182,53307.27272727273
27-3092,Court Reporters and Simultaneous Captioners,12870.0,11151.428571428638,9831.785714285797
27-4011,Audio and Video Equipment Technicians,70230.0,62743.63636363635,60895.45454545447
27-4012,Broadcast Technicians,21110.0,19631.81818181812,15727.272727272706
27-4014,Sound Engineering Technicians,13080.0,12147.272727272735,11646.363636363647
27-4021,Photographers,51760.0,49759.09090909088,50445.45454545453
27-4031,"Camera Operators, Television, Video, and Motion Picture",21550.0,24454.545454545412,25829.545454545412
27-4032,Film and Video Editors,25610.0,27240.90909090909,26758.181818181823
29-1011,Chiropractors,39630.0,43840.909090909176,47785.45454545459
29-1021,"Dentists, General",124390.0,129533.6363636367,138632.72727272753
29-1022,Oral and Maxillofacial Surgeons,4910.0,4530.0,4395.0
29-1023,Orthodontists,6210.0,6373.636363636353,6775.0
29-1024,Prosthodontists,870.0,826.5909090909117,923.9393939393922
29-1031,Dietitians and Nutritionists,77570.0,85380.0,94097.72727272753
29-1041,Optometrists,42790.0,45964.54545454541,49504.54545454541
29-1051,Pharmacists,321970.0,344796.3636363642,359592.2727272734
29-1071,Physician Assistants,162150.0,191660.90909090824,223441.3636363633
29-1081,Podiatrists,9680.0,9333.63636363636,9237.727272727272
29-1122,Occupational Therapists,162450.0,173710.90909090918,193828.18181818165
29-1123,Physical Therapists,267330.0,272930.9090909092,293636.3636363642
29-1124,Radiation Therapists,17070.0,16879.090909090897,16722.727272727265
29-1125,Recreational Therapists,14930.0,13381.818181818118,11395.90909090906
29-1126,Respiratory Therapists,139790.0,143686.36363636376,150156.36363636376
29-1127,Speech-Language Pathologists,183390.0,204454.54545454495,229226.81818181835
29-1128,Exercise Physiologists,8560.0,8952.727272727294,9823.636363636353
29-1129,"Therapists, All Other",22640.0,24940.0,30186.363636363763
29-1131,Veterinarians,83900.0,91703.63636363624,100246.36363636376
29-1141,Registered Nurses,3379720.0,3578979.0909090936,3850831.3636363745
29-1151,Nurse Anesthetists,51840.0,56139.090909090824,61870.909090909176
29-1161,Nurse Midwives,7920.0,8671.818181818177,9399.090909090883
29-1171,Nurse Practitioners,323040.0,413087.27272726595,508376.81818181276
29-1181,Audiologists,13660.0,15470.909090909117,16568.181818181823
29-1211,Anesthesiologists,38760.0,49522.857142857276,58842.5
29-1213,Dermatologists,11370.0,12776.0,14136.0
29-1214,Emergency Medicine Physicians,32880.0,31894.0,30804.0
29-1215,Family Medicine Physicians,107510.0,111962.85714285704,115930.71428571409
29-1216,General Internal Medicine Physicians,67150.0,91284.28571428545,110686.0714285709
29-1217,Neurologists,10590.0,11530.0,13180.0
29-1218,Obstetricians and Gynecologists,21260.0,22551.42857142852,24010.357142857043
29-1221,"Pediatricians, General",39390.0,51942.857142857276,62839.28571428545
29-1222,"Physicians, Pathologists",11110.0,11228.0,11068.0
29-1223,Psychiatrists,27980.0,27294.28571428574,28219.28571428574
29-1224,Radiologists,26770.0,22824.0,18584.0
29-1229,"Physicians, All Other",342720.0,433558.0,524658.0
29-1241,"Ophthalmologists, Except Pediatric",8950.0,7303.0,4408.0
29-1291,Acupuncturists,7830.0,9398.0,10298.0
29-1292,Dental Hygienists,222740.0,229234.2857142859,239316.42857142864
29-1299,"Healthcare Diagnosing or Treating Practitioners, All Other",28630.0,33271.0,36046.0
29-2031,Cardiovascular Technologists and Technicians,62960.0,64122.727272727294,67945.45454545459
29-2032,Diagnostic Medical Sonographers,90160.0,102529.09090909176,115941.36363636423
29-2033,Nuclear Medicine Technologists,17080.0,14678.181818181882,13044.545454545529
29-2034,Radiologic Technologists,230490.0,243596.36363636423,259738.6363636367
29-2035,Magnetic Resonance Imaging Technologists,43390.0,46271.81818181812,50079.54545454541
29-2036,Medical Dosimetrists,3410.0,5334.0,6734.0
29-2043,Paramedics,100610.0,106775.0,112920.0
29-2051,Dietetic Technicians,31560.0,22908.18181818188,20234.545454545645
29-2052,Pharmacy Technicians,471680.0,526733.6363636367,573890.0
29-2053,Psychiatric Technicians,156960.0,185258.1818181798,231259.0909090899
29-2055,Surgical Technologists,117460.0,120170.00000000047,125839.09090909129
29-2056,Veterinary Technologists and Technicians,129140.0,147968.18181818165,165347.27272727247
29-2057,Ophthalmic Medical Technicians,71010.0,95830.90909090918,113958.18181818165
29-2061,Licensed Practical and Licensed Vocational Nurses,648410.0,584118.1818181798,541525.4545454532
29-2072,Medical Records Specialists,194720.0,207265.0,221510.0
29-2081,"Opticians, Dispensing",73530.0,76251.81818181823,77390.45454545459
29-2091,Orthotists and Prosthetists,9390.0,11243.636363636353,12395.0
29-2092,Hearing Aid Specialists,11270.0,14070.0,16710.909090909176
29-2099,"Health Technologists and Technicians, All Other",182610.0,218919.69387754984,256171.22448979504
29-9091,Athletic Trainers,30500.0,33390.909090909176,36485.0
29-9092,Genetic Counselors,3740.0,3946.363636363647,4489.090909090912
29-9093,Surgical Assistants,22270.0,29937.0,37062.0
29-9099,"Healthcare Practitioners and Technical Workers, All Other",35010.0,38516.775510204054,39062.89795918364
31-1131,Nursing Assistants,1448910.0,1417472.8571428582,1445805.0000000019
31-1132,Orderlies,52440.0,58897.142857142724,65825.71428571409
31-1133,Psychiatric Aides,35520.0,11681.428571428172,-5931.071428571828
31-2011,Occupational Therapy Assistants,51290.0,55225.45454545459,61167.27272727294
31-2012,Occupational Therapy Aides,4310.0,1544.5454545454122,-602.7272727272939
31-2021,Physical Therapist Assistants,112430.0,122514.54545454495,135742.27272727247
31-2022,Physical Therapist Aides,48150.0,39944.54545454541,36647.727272727294
31-9011,Massage Therapists,98790.0,89258.18181818188,86458.18181818188
31-9091,Dental Assistants,387790.0,408643.6363636367,438547.7272727266
31-9092,Medical Assistants,817870.0,918894.5454545394,1022796.3636363596
31-9093,Medical Equipment Preparers,77420.0,85826.36363636423,98368.6363636367
31-9094,Medical Transcriptionists,41550.0,38412.72727272706,31784.090909090824
31-9095,Pharmacy Aides,39530.0,45698.18181818188,48771.81818181812
31-9096,Veterinary Assistants and Laboratory Animal Caretakers,126580.0,147742.7272727266,171945.0
31-9097,Phlebotomists,143540.0,154801.81818181835,167084.09090909082
31-9099,"Healthcare Support Workers, All Other",109740.0,116814.54545454541,125615.90909090918
33-1011,First-Line Supervisors of Correctional Officers,53380.0,63483.6363636367,70631.81818181835
33-1012,First-Line Supervisors of Police and Detectives,154610.0,181069.0909090899,209253.1818181798
33-1021,First-Line Supervisors of Fire Fighting and Prevention Workers,99140.0,117760.9090909101,139352.72727272846
33-1091,First-Line Supervisors of Security Workers,81480.0,110327.0,141752.0
33-2011,Firefighters,345990.0,338647.27272727294,346855.00000000047
33-2021,Fire Inspectors and Investigators,13800.0,15935.454545454588,17196.363636363647
33-2022,Forest Fire Inspectors and Prevention Specialists,2780.0,3397.272727272735,3944.0909090909117
33-3011,Bailiffs,17310.0,15632.727272727294,14641.363636363647
33-3012,Correctional Officers and Jailers,380500.0,319790.90909090824,280353.18181818165
33-3021,Detectives and Criminal Investigators,114430.0,114181.81818181812,117672.7272727273
33-3031,Fish and Game Wardens,5770.0,6520.909090909092,6596.36363636364
33-3041,Parking Enforcement Workers,9050.0,7522.727272727279,7220.000000000015
33-3051,Police and Sheriff's Patrol Officers,670520.0,665681.8181818182,668503.6363636364
33-3052,Transit and Railroad Police,4390.0,2459.090909090941,1701.363636363647
33-9011,Animal Control Workers,12070.0,10719.09090909094,10031.363636363647
33-9021,Private Detectives and Investigators,35580.0,39199.090909090824,42530.0
33-9031,Gaming Surveillance Officers and Gaming Investigators,9520.0,9380.909090909088,9065.909090909088
33-9032,Security Guards,1283470.0,1294494.545454543,1373035.4545454532
33-9091,Crossing Guards,94360.0,107127.27272727247,119004.09090909082
33-9092,"Lifeguards, Ski Patrol, and Other Recreational Protective Service Workers",157550.0,125945.45454545459,121607.2727272727
33-9093,Transportation Security Screeners,50290.0,53241.81818181812,56848.18181818188
33-9094,School Bus Monitors,78420.0,106440.0,133570.0
33-9099,"Protective Service Workers, All Other",81500.0,47830.83673469536,17316.65306122601
35-1011,Chefs and Head Cooks,200040.0,211953.63636363484,245294.0909090899
35-1012,First-Line Supervisors of Food Preparation and Serving Workers,1223240.0,1398473.6363636404,1580229.5454545468
35-2011,"Cooks, Fast Food",641070.0,820388.1818181798,931825.4545454532
35-2012,"Cooks, Institution and Cafeteria",441050.0,454408.1818181826,475037.7272727275
35-2013,"Cooks, Private Household",1100.0,1181.8181818181765,1490.4545454545441
35-2014,"Cooks, Restaurant",1409890.0,1516565.4545454532,1625452.7272727266
35-2015,"Cooks, Short Order",138650.0,93940.90909090824,65603.18181818165
35-2021,Food Preparation Workers,893600.0,901292.7272727266,926135.0
35-3011,Bartenders,756390.0,762072.7272727266,830272.2727272734
35-3023,Fast Food and Counter Workers,3854050.0,3829744.2857142836,3975238.9285714254
35-3031,Waiters and Waitresses,2270910.0,1867458.1818181872,1642195.454545468
35-3041,"Food Servers, Nonrestaurant",293900.0,279335.4545454546,286864.0909090908
35-9011,Dining Room and Cafeteria Attendants and Bartender Helpers,542750.0,538052.7272727266,584104.5454545468
35-9021,Dishwashers,477450.0,406624.5454545468,375769.09090909176
35-9031,"Hosts and Hostesses, Restaurant, Lounge, and Coffee Shop",432690.0,415963.63636363624,424988.63636363624
37-1011,First-Line Supervisors of Housekeeping and Janitorial Workers,178760.0,178242.72727272706,186542.72727272706
37-1012,"First-Line Supervisors of Landscaping, Lawn Service, and Groundskeeping Workers",130760.0,144497.27272727247,160575.90909090918
37-2011,"Janitors and Cleaners, Except Maids and Housekeeping Cleaners",2209760.0,2172717.2727272725,2189435.909090909
37-2012,Maids and Housekeeping Cleaners,860670.0,735601.8181818165,673084.0909090899
37-2021,Pest Control Workers,102620.0,115276.3636363633,130935.45454545412
37-3011,Landscaping and Groundskeeping Workers,952640.0,955669.0909090908,976880.0000000009
37-3012,"Pesticide Handlers, Sprayers, and Applicators, Vegetation",27050.0,25218.18181818181,25377.727272727265
37-3013,Tree Trimmers and Pruners,55160.0,58574.54545454541,64814.54545454541
39-1013,First-Line Supervisors of Gambling Services Workers,26010.0,26144.285714285797,27612.142857142957
39-1014,"First-Line Supervisors of Entertainment and Recreation Workers, Except Gambling Services",103190.0,146517.0,189732.0
39-1022,First-Line Supervisors of Personal Service Workers,114110.0,126742.0,141112.0
39-2011,Animal Trainers,18770.0,23514.545454545412,27200.909090909176
39-2021,Nonfarm Animal Caretakers,266910.0,330827.2727272734,384727.7272727266
39-3011,Gaming Dealers,83910.0,64261.81818181835,54305.0
39-3012,Gaming and Sports Book Writers and Runners,8950.0,4998.181818181882,2762.727272727294
39-3021,Motion Picture Projectionists,1480.0,-1352.7272727271775,-3756.8181818181183
39-3031,"Ushers, Lobby Attendants, and Ticket Takers",121770.0,100395.45454545412,94401.3636363633
39-3091,Amusement and Recreation Attendants,397830.0,412762.7272727266,460252.2727272734
39-3092,Costume Attendants,6510.0,5608.181818181809,5363.636363636353
39-3093,"Locker Room, Coatroom, and Dressing Room Attendants",15560.0,10631.818181818118,8420.90909090906
39-4011,Embalmers,3890.0,3579.0909090909117,3452.7272727272793
39-4021,Funeral Attendants,31090.0,28381.81818181812,25856.81818181812
39-4031,"Morticians, Undertakers, and Funeral Directors",25100.0,24144.54545454544,23664.09090909091
39-5011,Barbers,15000.0,14580.0,13743.181818181823
39-5012,"Hairdressers, Hairstylists, and Cosmetologists",305710.0,248111.81818181835,208625.90909090824
39-5091,"Makeup Artists, Theatrical and Performance",2340.0,2682.7272727272793,2467.7272727272793
39-5092,Manicurists and Pedicurists,152770.0,185240.9090909101,219797.2727272734
39-5093,Shampooers,8070.0,2301.818181818351,-1968.6363636362366
39-5094,Skincare Specialists,72890.0,86370.0,102095.0
39-6011,Baggage Porters and Bellhops,28510.0,13027.272727273405,2265.4545454550534
39-6012,Concierges,49240.0,51497.27272727247,58119.54545454495
39-9011,Childcare Workers,518910.0,432963.6363636367,387615.4545454569
39-9031,Fitness Trainers and Aerobics Instructors,322930.0,311315.4545454541,328999.0909090908
39-9032,Recreation Workers,331490.0,265040.90909090824,237533.18181818165
39-9041,Residential Advisors,84760.0,68563.63636363577,53850.45454545412
41-1011,First-Line Supervisors of Retail Sales Workers,1121800.0,1031756.363636367,976359.0909090936
41-1012,First-Line Supervisors of Non-Retail Sales Workers,214390.0,202730.90909090918,184492.27272727247
41-2011,Cashiers,3089410.0,2911491.8181818277,2671792.727272734
41-2012,Gaming Change Persons and Booth Cashiers,21530.0,17739.090909090824,16279.545454545412
41-2021,Counter and Rental Clerks,400810.0,338732.72727272846,304390.45454545505
41-2022,Parts Salespersons,270070.0,280932.7272727275,292980.9090909092
41-2031,Retail Salespersons,3897860.0,3066013.6363636255,2566053.6363636255
41-3011,Advertising Sales Agents,91700.0,60405.45454545505,31482.272727273405
41-3021,Insurance Sales Agents,479100.0,525061.8181818202,576400.9090909101
41-3031,"Securities, Commodities, and Financial Services Sales Agents",489570.0,573415.4545454532,647926.3636363633
41-3041,Travel Agents,55110.0,42917.27272727294,34522.27272727294
41-3091,"Sales Representatives of Services, Except Advertising, Insurance, Financial Services, and Travel",1256010.0,1440654.2857142836,1653006.0714285672
41-4011,"Sales Representatives, Wholesale and Manufacturing, Technical and Scientific Products",284800.0,257274.54545454495,233858.18181818165
41-4012,"Sales Representatives, Wholesale and Manufacturing, Except Technical and Scientific Products",1238190.0,1138149.0909090936,1048667.2727272734
41-9011,Demonstrators and Product Promoters,64520.0,31901.81818181742,13849.545454544947
41-9012,Models,3780.0,2964.545454545456,2772.7272727272793
41-9021,Real Estate Brokers,46100.0,57203.63636363624,63275.45454545459
41-9022,Real Estate Sales Agents,193370.0,226246.36363636516,253462.72727272846
41-9031,Sales Engineers,51790.0,43125.45454545459,32985.0
41-9041,Telemarketers,58430.0,-40891.818181820214,-127990.0
41-9091,"Door-to-Door Sales Workers, News and Street Vendors, and Related Workers",2760.0,3250.909090909059,1246.363636363647
43-1011,First-Line Supervisors of Office and Administrative Support Workers,1436680.0,1499593.6363636367,1517819.0909090918
43-2011,"Switchboard Operators, Including Answering Service",34280.0,-4500.0,-37666.81818181835
43-2021,Telephone Operators,3430.0,-15.454545454587787,-2720.0
43-3011,Bill and Account Collectors,158830.0,75507.2727272734,-1710.0
43-3021,Billing and Posting Clerks,404060.0,365526.3636363633,323016.8181818165
43-3031,"Bookkeeping, Accounting, and Auditing Clerks",1373680.0,1366057.2727272697,1296448.1818181798
43-3041,Gaming Cage Workers,14430.0,8653.63636363647,5810.000000000233
43-3051,Payroll and Timekeeping Clerks,153140.0,149706.36363636365,148389.54545454553
43-3061,Procurement Clerks,55810.0,49472.72727272706,41854.999999999534
43-3071,Tellers,329480.0,210116.36363635957,108500.90909090638
43-4011,Brokerage Clerks,35940.0,25339.090909090824,13880.454545454122
43-4021,Correspondence Clerks,4290.0,3909.0909090908826,2883.636363636353
43-4031,"Court, Municipal, and License Clerks",179750.0,198225.4545454532,221780.90909090824
43-4041,"Credit Authorizers, Checkers, and Clerks",12030.0,-7544.545454544947,-23434.090909089893
43-4051,Customer Service Representatives,2595750.0,2797621.818181819,2808160.0000000005
43-4061,"Eligibility Interviewers, Government Programs",154800.0,168466.3636363633,180620.90909090824
43-4071,File Clerks,73440.0,35103.6363636367,2580.4545454550534
43-4081,"Hotel, Motel, and Resort Desk Clerks",261420.0,257972.7272727273,262110.4545454546
43-4111,"Interviewers, Except Eligibility and Loan",148060.0,133665.45454545505,113256.81818181835
43-4121,"Library Assistants, Clerical",85520.0,68125.45454545505,58659.54545454588
43-4131,Loan Interviewers and Clerks,164790.0,169380.9090909101,148322.72727272846
43-4141,New Accounts Clerks,36860.0,35650.90909090894,32376.81818181812
43-4151,Order Clerks,75200.0,17445.45454545319,-39545.0
43-4161,"Human Resources Assistants, Except Payroll and Timekeeping",90220.0,61290.909090908244,35039.54545454495
43-4171,Receptionists and Information Clerks,910180.0,936085.454545455,907272.2727272734
43-4181,Reservation and Transportation Ticket Agents and Travel Clerks,118710.0,97535.45454545412,83370.45454545412
43-5011,Cargo and Freight Agents,97670.0,107362.72727272753,114476.81818181835
43-5021,Couriers and Messengers,68640.0,68180.0,65823.18181818188
43-5031,"Police, Fire, and Ambulance Dispatchers",102500.0,102964.54545454541,106077.7272727273
43-5032,"Dispatchers, Except Police, Fire, and Ambulance",202810.0,210366.36363636376,215474.09090909106
43-5041,"Meter Readers, Utilities",19430.0,7888.181818181649,-1659.5454545458779
43-5051,Postal Service Clerks,73720.0,74405.45454545459,71724.09090909082
43-5052,Postal Service Mail Carriers,328820.0,336144.54545454547,338026.3636363636
43-5053,"Postal Service Mail Sorters, Processors, and Processing Machine Operators",105200.0,113225.45454545447,114855.90909090906
43-5061,"Production, Planning, and Expediting Clerks",390160.0,444018.18181818165,485310.4545454532
43-5071,"Shipping, Receiving, and Traffic Clerks",816870.0,972684.5454545468,1082938.1818181872
43-5111,"Weighers, Measurers, Checkers, and Samplers, Recordkeeping",53300.0,35163.6363636367,22618.18181818165
43-6011,Executive Secretaries and Executive Administrative Assistants,459910.0,327003.6363636404,223724.09090909362
43-6012,Legal Secretaries,156280.0,121813.6363636367,97970.45454545505
43-6013,Medical Secretaries,961610.0,1031761.8181818128,1214364.0909090936
43-6014,"Secretaries and Administrative Assistants, Except Legal, Medical, and Executive",1706790.0,1306186.3636363745,969816.3636363745
43-9021,Data Entry Keyers,127080.0,96116.3636363633,63189.54545454495
43-9022,Word Processors and Typists,35010.0,11990.909090909176,-6411.818181818351
43-9031,Desktop Publishers,3350.0,-2183.6363636362366,-7440.454545454588
43-9041,Insurance Claims and Policy Processing Clerks,214260.0,186734.54545454495,156576.81818181835
43-9051,"Mail Clerks and Mail Machine Operators, Except Postal Service",55230.0,37990.0,18634.090909090824
43-9061,"Office Clerks, General",2464940.0,2115624.545454532,1802888.6363636255
43-9071,"Office Machine Operators, Except Computer",25130.0,-190.0,-20864.090909089893
43-9081,Proofreaders and Copy Markers,4580.0,-209.09090909082443,-4109.545454545412
43-9111,Statistical Assistants,4710.0,947.2727272727061,-2914.0909090910573
45-1011,"First-Line Supervisors of Farming, Fishing, and Forestry Workers",27960.0,34819.090909090824,40208.63636363624
45-2011,Agricultural Inspectors,14410.0,12390.0,11740.45454545453
45-2021,Animal Breeders,1330.0,1364.545454545455,1345.454545454546
45-2041,"Graders and Sorters, Agricultural Products",25180.0,13947.272727272473,5494.090909090824
45-2091,Agricultural Equipment Operators,28500.0,30573.636363636353,31878.636363636353
45-2092,"Farmworkers and Laborers, Crop, Nursery, and Greenhouse",265500.0,261420.90909090918,253409.09090909082
45-2093,"Farmworkers, Farm, Ranch, and Aquacultural Animals",32810.0,32604.54545454547,31458.181818181823
45-4011,Forest and Conservation Workers,6050.0,4919.999999999942,4121.363636363589
45-4021,Fallers,3130.0,2753.636363636353,1777.727272727294
45-4022,Logging Equipment Operators,21060.0,19645.454545454588,16947.272727272706
45-4023,Log Graders and Scalers,3070.0,3810.9090909090883,4079.0909090909117
47-1011,First-Line Supervisors of Construction Trades and Extraction Workers,812210.0,975104.5454545468,1133882.7272727266
47-2011,Boilermakers,10190.0,7071.818181818118,3802.272727272706
47-2021,Brickmasons and Blockmasons,52550.0,46962.72727272706,40924.999999999534
47-2022,Stonemasons,7820.0,5601.818181818118,2925.454545454355
47-2031,Carpenters,670090.0,702054.5454545454,708201.3636363638
47-2041,Carpet Installers,13780.0,6914.545454545412,-275.0
47-2042,"Floor Layers, Except Carpet, Wood, and Hard Tiles",23640.0,34002.72727272706,42288.63636363624
47-2043,Floor Sanders and Finishers,3720.0,4020.0,3773.1818181818235
47-2044,Tile and Marble Setters,35850.0,41291.81818181818,42516.36363636365
47-2051,Cement Masons and Concrete Finishers,206170.0,228863.63636363577,248190.45454545412
47-2053,Terrazzo Workers and Finishers,1180.0,140.90909090905916,-977.7272727272939
47-2061,Construction Laborers,1096780.0,1152756.3636363633,1233227.2727272734
47-2071,"Paving, Surfacing, and Tamping Equipment Operators",41820.0,35877.27272727294,30720.909090909176
47-2072,Pile-Driver Operators,2310.0,2368.1818181818235,1862.727272727294
47-2073,Operating Engineers and Other Construction Equipment Operators,478090.0,535737.2727272697,599293.1818181798
47-2081,Drywall and Ceiling Tile Installers,83080.0,83320.90909090894,78246.36363636353
47-2082,Tapers,12840.0,10019.090909091057,7008.6363636364695
47-2111,Electricians,757220.0,820552.7272727266,895174.0909090899
47-2121,Glaziers,58480.0,63452.72727272753,69386.81818181835
47-2131,"Insulation Workers, Floor, Ceiling, and Wall",44440.0,47334.54545454588,54198.6363636367
47-2132,"Insulation Workers, Mechanical",25660.0,23712.727272727236,22467.272727272706
47-2141,"Painters, Construction and Maintenance",225190.0,222980.00000000006,224188.6363636364
47-2142,Paperhangers,1570.0,786.363636363647,-65.0
47-2151,Pipelayers,33050.0,28839.090909090824,25159.545454545412
47-2152,"Plumbers, Pipefitters, and Steamfitters",465840.0,478081.81818181835,501955.90909090824
47-2161,Plasterers and Stucco Masons,19310.0,21380.0,20148.181818181823
47-2171,Reinforcing Iron and Rebar Workers,13800.0,11891.818181818118,9042.272727272706
47-2181,Roofers,135490.0,151133.6363636367,162900.90909090918
47-2211,Sheet Metal Workers,119770.0,105781.81818181835,95450.0
47-2221,Structural Iron and Steel Workers,68380.0,64224.54545454541,61522.272727272706
47-2231,Solar Photovoltaic Installers,31350.0,43100.909090909176,56261.36363636423
47-3011,"Helpers--Brickmasons, Blockmasons, Stonemasons, and Tile and Marble Setters",14170.0,9344.545454545878,3878.6363636367023
47-3012,Helpers--Carpenters,21680.0,12770.909090909176,4407.727272727527
47-3013,Helpers--Electricians,63630.0,62421.81818181812,57945.454545454355
47-3014,"Helpers--Painters, Paperhangers, Plasterers, and Stucco Masons",7490.0,5095.454545454588,2927.727272727294
47-3015,"Helpers--Pipelayers, Plumbers, Pipefitters, and Steamfitters",44330.0,36782.72727272753,29755.454545455053
47-3016,Helpers--Roofers,6030.0,1642.727272727294,-1394.5454545454122
47-4011,Construction and Building Inspectors,146720.0,171336.3636363633,198919.0909090899
47-4021,Elevator Installers and Repairers,23790.0,24705.454545454544,24983.18181818181
47-4031,Fence Erectors,24480.0,26141.818181818177,27365.0
47-4041,Hazardous Materials Removal Workers,51710.0,54743.63636363647,59133.18181818188
47-4051,Highway Maintenance Workers,154960.0,155686.36363636353,159699.5454545454
47-4061,Rail-Track Laying and Maintenance Equipment Operators,19580.0,22293.63636363647,24966.363636363763
47-4071,Septic Tank Servicers and Sewer Pipe Cleaners,30650.0,31270.90909090906,32804.09090909094
47-5011,"Derrick Operators, Oil and Gas",10590.0,7290.000000000116,5242.2727272728225
47-5012,"Rotary Drill Operators, Oil and Gas",12600.0,5776.3636363635305,772.2727272727061
47-5013,"Service Unit Operators, Oil, Gas, and Mining",43140.0,34758.18181818188,29823.636363636237
47-5022,"Excavating and Loading Machine and Dragline Operators, Surface Mining",34480.0,23868.571428571828,16015.000000000466
47-5023,"Earth Drillers, Except Oil and Gas",19450.0,21926.0,24776.0
47-5032,"Explosives Workers, Ordnance Handling Experts, and Blasters",5100.0,5395.0,5610.0
47-5041,Continuous Mining Machine Operators,14000.0,16740.90909090906,18212.727272727177
47-5043,"Roof Bolters, Mining",2160.0,1437.1428571428696,985.3571428571595
47-5044,"Loading and Moving Machine Operators, Underground Mining",5930.0,8120.0,10105.714285714319
47-5051,"Rock Splitters, Quarry",3320.0,3188.1818181818235,2744.5454545454704
47-5071,"Roustabouts, Oil and Gas",44970.0,28247.27272727294,17942.727272727527
47-5081,Helpers--Extraction Workers,6700.0,-3825.454545454588,-11865.454545454588
49-1011,"First-Line Supervisors of Mechanics, Installers, and Repairers",617500.0,703450.9090909064,796763.636363633
49-2011,"Computer, Automated Teller, and Office Machine Repairers",65600.0,49380.0,29256.363636363298
49-2021,"Radio, Cellular, and Tower Equipment Installers and Repairers",11140.0,9745.454545454471,7974.090909090824
49-2022,"Telecommunications Equipment Installers and Repairers, Except Line Installers",140920.0,94127.2727272734,45482.272727273405
49-2091,Avionics Technicians,18830.0,22269.09090909094,23612.272727272823
49-2092,"Electric Motor, Power Tool, and Related Repairers",14450.0,13984.545454545412,12905.90909090906
49-2093,"Electrical and Electronics Installers and Repairers, Transportation Equipment",6940.0,2931.8181818181183,-772.7272727272939
49-2094,"Electrical and Electronics Repairers, Commercial and Industrial Equipment",65010.0,51580.909090909176,47350.45454545459
49-2095,"Electrical and Electronics Repairers, Powerhouse, Substation, and Relay",20720.0,22704.545454545456,22432.27272727272
49-2096,"Electronic Equipment Installers and Repairers, Motor Vehicles",8550.0,6830.0,5099.545454545412
49-2097,Electronic Home Entertainment Equipment Installers and Repairers,19780.0,18359.090909090824,15444.090909090824
49-2098,Security and Fire Alarm Systems Installers,86340.0,95735.45454545459,106184.54545454541
49-3011,Aircraft Mechanics and Service Technicians,138090.0,142349.09090909082,147658.63636363624
49-3021,Automotive Body and Related Repairers,149310.0,152083.63636363624,155981.81818181812
49-3022,Automotive Glass Installers and Repairers,20310.0,18426.363636363636,18401.363636363636
49-3023,Automotive Service Technicians and Mechanics,704640.0,711662.7272727266,739650.9090909082
49-3031,Bus and Truck Mechanics and Diesel Engine Specialists,289960.0,304689.0909090899,323125.90909090824
49-3041,Farm Equipment Mechanics and Service Technicians,37870.0,37617.272727272764,38480.45454545459
49-3042,"Mobile Heavy Equipment Mechanics, Except Engines",176600.0,211046.3636363633,241545.4545454532
49-3043,Rail Car Repairers,21350.0,18191.81818181812,16273.636363636237
49-3051,Motorboat Mechanics and Service Technicians,23220.0,26155.454545454588,28041.363636363647
49-3052,Motorcycle Mechanics,13510.0,12533.636363636353,11371.363636363647
49-3053,Outdoor Power Equipment and Other Small Engine Mechanics,36060.0,38166.36363636365,40524.54545454553
49-3091,Bicycle Repairers,12170.0,13492.72727272728,13794.545454545456
49-3092,Recreational Vehicle Service Technicians,17430.0,21162.727272727294,23867.727272727294
49-3093,Tire Repairers and Changers,108410.0,97768.18181818188,93820.0
49-9011,Mechanical Door Repairers,27120.0,33555.45454545459,38483.18181818188
49-9012,"Control and Valve Installers and Repairers, Except Mechanical Door",48240.0,49127.272727272706,49835.0
49-9021,"Heating, Air Conditioning, and Refrigeration Mechanics and Installers",409670.0,481189.0909090899,548030.9090909101
49-9031,Home Appliance Repairers,32150.0,28396.36363636353,27089.090909090824
49-9041,Industrial Machinery Mechanics,439640.0,486100.9090909064,539673.1818181798
49-9043,"Maintenance Workers, Machinery",60020.0,32506.363636363298,13345.909090908244
49-9044,Millwrights,40330.0,39728.181818181765,38879.54545454541
49-9045,"Refractory Materials Repairers, Except Brickmasons",1080.0,309.09090909094084,-39.09090909088263
49-9051,Electrical Power-Line Installers and Repairers,131070.0,131291.81818181835,137416.81818181835
49-9052,Telecommunications Line Installers and Repairers,97720.0,96764.54545454495,91540.45454545412
49-9061,Camera and Photographic Equipment Repairers,1650.0,730.9090909091174,-369.09090909088263
49-9062,Medical Equipment Repairers,65990.0,78316.3636363633,91440.45454545412
49-9063,Musical Instrument Repairers and Tuners,5380.0,3936.363636363647,2413.1818181817653
49-9064,Watch Repairers,1310.0,1214.5454545454413,816.8181818181765
49-9071,"Maintenance and Repair Workers, General",1529700.0,1650549.0909090862,1765533.1818181798
49-9081,Wind Turbine Service Technicians,9980.0,15166.36363636353,19056.36363636353
49-9091,"Coin, Vending, and Amusement Machine Servicers and Repairers",26410.0,27359.09090909094,25432.727272727294
49-9092,Commercial Divers,3450.0,3230.909090909092,3184.545454545456
49-9094,Locksmiths and Safe Repairers,15040.0,12792.727272727294,11002.727272727294
49-9095,Manufactured Building and Mobile Home Installers,3020.0,2821.818181818184,2690.4545454545514
49-9096,Riggers,22530.0,22714.54545454544,23239.54545454544
49-9097,Signal and Track Switch Repairers,8720.0,8282.72727272728,8419.090909090912
49-9098,"Helpers--Installation, Maintenance, and Repair Workers",95580.0,75985.45454545505,62701.36363636423
49-9099,"Installation, Maintenance, and Repair Workers, All Other",176300.0,200282.72727272846,219277.2727272734
51-1011,First-Line Supervisors of Production and Operating Workers,673430.0,718118.1818181816,759075.9090909082
51-2011,"Aircraft Structure, Surfaces, Rigging, and Systems Assemblers",34020.0,24240.909090909176,17603.18181818165
51-2021,"Coil Winders, Tapers, and Finishers",12840.0,10360.909090909117,9261.363636363647
51-2031,Engine and Other Machine Assemblers,34000.0,43527.272727272735,44072.727272727265
51-2041,Structural Metal Fabricators and Fitters,52360.0,36274.54545454495,20752.272727272473
51-2051,Fiberglass Laminators and Fabricators,16170.0,16430.0,14808.571428571478
51-2061,Timing Device Assemblers and Adjusters,250.0,-770.0,-1614.6428571428405
51-3011,Bakers,236200.0,255670.9090909101,285812.72727272846
51-3021,Butchers and Meat Cutters,136430.0,139873.63636363635,141467.2727272727
51-3022,"Meat, Poultry, and Fish Cutters and Trimmers",145700.0,128293.63636363624,119380.90909090871
51-3023,Slaughterers and Meat Packers,69950.0,66842.7272727273,62110.0
51-3091,"Food and Tobacco Roasting, Baking, and Drying Machine Operators and Tenders",20370.0,19481.818181818206,19089.54545454547
51-3092,Food Batchmakers,174520.0,191084.54545454495,207358.18181818165
51-3093,Food Cooking Machine Operators and Tenders,31250.0,23439.090909090824,19912.72727272706
51-4021,"Extruding and Drawing Machine Setters, Operators, and Tenders, Metal and Plastic",60840.0,54332.72727272706,47289.090909090824
51-4022,"Forging Machine Setters, Operators, and Tenders, Metal and Plastic",8930.0,1066.3636363637634,-5423.181818181649
51-4023,"Rolling Machine Setters, Operators, and Tenders, Metal and Plastic",25250.0,22880.909090909176,20140.454545454588
51-4031,"Cutting, Punching, and Press Machine Setters, Operators, and Tenders, Metal and Plastic",171200.0,161950.0,150928.6363636367
51-4032,"Drilling and Boring Machine Tool Setters, Operators, and Tenders, Metal and Plastic",4680.0,-907.2727272727061,-5839.545454545412
51-4033,"Grinding, Lapping, Polishing, and Buffing Machine Tool Setters, Operators, and Tenders, Metal and Plastic",67000.0,67355.45454545459,64899.54545454553
51-4034,"Lathe and Turning Machine Tool Setters, Operators, and Tenders, Metal and Plastic",16710.0,3982.7272727265954,-6718.636363636702
51-4035,"Milling and Planing Machine Setters, Operators, and Tenders, Metal and Plastic",12460.0,9550.0,6155.909090909176
51-4041,Machinists,287050.0,222361.8181818202,159757.2727272734
51-4051,Metal-Refining Furnace Operators and Tenders,16780.0,18525.45454545456,18771.81818181819
51-4052,"Pourers and Casters, Metal",4560.0,2695.454545454588,527.7272727272939
51-4061,"Model Makers, Metal and Plastic",2610.0,261.81818181823473,-1747.272727272706
51-4062,"Patternmakers, Metal and Plastic",1470.0,265.4545454545296,-894.5454545454704
51-4071,Foundry Mold and Coremakers,12790.0,11942.727272727236,11044.090909090883
51-4072,"Molding, Coremaking, and Casting Machine Setters, Operators, and Tenders, Metal and Plastic",150470.0,167184.54545454565,172553.18181818188
51-4081,"Multiple Machine Tool Setters, Operators, and Tenders, Metal and Plastic",124590.0,143019.09090909082,150271.81818181835
51-4111,Tool and Die Makers,56930.0,44461.81818181742,33944.54545454495
51-4121,"Welders, Cutters, Solderers, and Brazers",416210.0,444296.3636363633,465886.3636363633
51-4122,"Welding, Soldering, and Brazing Machine Setters, Operators, and Tenders",31600.0,20309.090909090824,12103.636363636237
51-4191,"Heat Treating Equipment Setters, Operators, and Tenders, Metal and Plastic",14000.0,9926.363636363763,6290.909090909176
51-4192,"Layout Workers, Metal and Plastic",5970.0,3391.8181818182347,1263.1818181818817
51-4193,"Plating and Coating Machine Setters, Operators, and Tenders, Metal and Plastic",32410.0,28671.81818181812,25325.454545454355
51-4194,"Tool Grinders, Filers, and Sharpeners",5600.0,2764.545454545412,654.5454545454122
51-5111,Prepress Technicians and Workers,23840.0,15805.454545454588,9615.909090909176
51-5112,Printing Press Operators,144260.0,127182.72727272753,111107.72727272753
51-5113,Print Binding and Finishing Workers,33180.0,24304.545454545412,14825.0
51-6011,Laundry and Dry-Cleaning Workers,198040.0,169569.09090909082,157409.09090909082
51-6021,"Pressers, Textile, Garment, and Related Materials",26120.0,11308.181818181649,-393.18181818164885
51-6031,Sewing Machine Operators,104880.0,86079.09090909082,66959.54545454588
51-6041,Shoe and Leather Workers and Repairers,7450.0,7087.272727272721,6779.999999999985
51-6042,Shoe Machine Operators and Tenders,3280.0,3681.818181818182,3664.090909090909
51-6051,"Sewers, Hand",2190.0,-460.0,-2899.545454545412
51-6052,"Tailors, Dressmakers, and Custom Sewers",13920.0,11259.090909091057,7456.818181818351
51-6061,Textile Bleaching and Dyeing Machine Operators and Tenders,5310.0,1744.545454545645,-1393.6363636362366
51-6062,"Textile Cutting Machine Setters, Operators, and Tenders",9000.0,5552.727272727294,2264.0909090910573
51-6063,"Textile Knitting and Weaving Machine Setters, Operators, and Tenders",13030.0,9001.818181818118,4277.727272727294
51-6064,"Textile Winding, Twisting, and Drawing Out Machine Setters, Operators, and Tenders",22020.0,15910.909090909176,10706.363636363763
51-6091,"Extruding and Forming Machine Setters, Operators, and Tenders, Synthetic and Glass Fibers",12850.0,9439.090909090824,5931.3636363635305
51-6092,Fabric and Apparel Patternmakers,2950.0,1060.9090909090592,-490.0
51-6093,Upholsterers,20140.0,15980.909090909176,10082.727272727527
51-7011,Cabinetmakers and Bench Carpenters,77170.0,74150.90909090871,64932.27272727247
51-7021,Furniture Finishers,14480.0,12579.09090909094,10922.272727272823
51-7031,"Model Makers, Wood",280.0,-65.45454545452958,-447.7272727272648
51-7032,"Patternmakers, Wood",220.0,-385.4545454545587,-808.1818181818235
51-7041,"Sawing Machine Setters, Operators, and Tenders, Wood",40850.0,37354.54545454541,32309.545454545412
51-7042,"Woodworking Machine Setters, Operators, and Tenders, Except Sawing",61420.0,51096.36363636376,41134.54545454541
51-8011,Nuclear Power Reactor Operators,5150.0,4206.363636363589,3415.909090909059
51-8012,Power Distributors and Dispatchers,8520.0,6767.2727272728225,5008.181818181882
51-8013,Power Plant Operators,29320.0,25800.000000000233,22369.545454545645
51-8021,Stationary Engineers and Boiler Operators,28250.0,27762.727272727177,25776.81818181812
51-8031,Water and Wastewater Treatment Plant and System Operators,128490.0,131100.90909090894,136139.09090909082
51-8091,Chemical Plant and System Operators,16610.0,5577.272727272473,-4280.909090909176
51-8092,Gas Plant Operators,18030.0,15992.727272727265,16156.363636363632
51-8093,"Petroleum Pump System Operators, Refinery Operators, and Gaugers",33160.0,27201.81818181835,22193.63636363647
51-8099,"Plant and System Operators, All Other",14080.0,18025.45454545447,20130.90909090906
51-9011,Chemical Equipment Operators and Tenders,139630.0,170603.6363636367,206302.7272727266
51-9012,"Separating, Filtering, Clarifying, Precipitating, and Still Machine Setters, Operators, and Tenders",60100.0,60700.90909090894,65561.36363636353
51-9021,"Crushing, Grinding, and Polishing Machine Setters, Operators, and Tenders",26000.0,24808.18181818165,22214.545454545412
51-9022,"Grinding and Polishing Workers, Hand",10510.0,-1265.4545454541221,-12494.545454544947
51-9023,"Mixing and Blending Machine Setters, Operators, and Tenders",94920.0,78213.6363636367,59220.0
51-9031,"Cutters and Trimmers, Hand",6060.0,764.5454545454122,-3715.454545454588
51-9032,"Cutting and Slicing Machine Setters, Operators, and Tenders",44980.0,38758.18181818118,30320.90909090871
51-9041,"Extruding, Forming, Pressing, and Compacting Machine Setters, Operators, and Tenders",58770.0,45088.18181818165,35099.090909090824
51-9051,"Furnace, Kiln, Oven, Drier, and Kettle Operators and Tenders",14280.0,11376.363636363763,8644.090909091057
51-9061,"Inspectors, Testers, Sorters, Samplers, and Weighers",597370.0,640554.545454545,681150.0
51-9071,Jewelers and Precious Stone and Metal Workers,22440.0,21483.636363636353,20127.272727272706
51-9081,Dental Laboratory Technicians,34410.0,31341.818181818235,29740.000000000116
51-9082,Medical Appliance Technicians,11280.0,11132.727272727177,9805.454545454471
51-9083,Ophthalmic Laboratory Technicians,18660.0,10671.818181818351,3976.818181818351
51-9111,Packaging and Filling Machine Operators and Tenders,379060.0,365571.81818181835,358482.27272727294
51-9123,"Painting, Coating, and Decorating Workers",7940.0,4997.272727272706,1483.6363636364695
51-9124,"Coating, Painting, and Spraying Machine Setters, Operators, and Tenders",158740.0,176964.28571428545,193325.0
51-9141,Semiconductor Processors,31460.0,32999.090909090824,36106.36363636353
51-9151,Photographic Process Workers and Processing Machine Operators,4800.0,-10954.545454545878,-22684.545454545878
51-9161,Computer Numerically Controlled Tool Operators,169450.0,207081.4285714291,231856.4285714291
51-9162,Computer Numerically Controlled Tool Programmers,28500.0,31802.857142857276,34735.00000000023
51-9191,Adhesive Bonding Machine Operators and Tenders,11500.0,7529.090909090824,4347.727272727061
51-9192,"Cleaning, Washing, and Metal Pickling Equipment Operators and Tenders",14760.0,11269.09090909094,9111.363636363647
51-9193,Cooling and Freezing Equipment Operators and Tenders,6900.0,5469.090909090883,4373.636363636353
51-9194,Etchers and Engravers,7750.0,7050.909090909117,6220.909090909117
51-9195,"Molders, Shapers, and Casters, Except Metal and Plastic",33190.0,33098.18181818188,29990.454545454588
51-9196,"Paper Goods Machine Setters, Operators, and Tenders",96130.0,96933.63636363635,97840.0
51-9197,Tire Builders,20770.0,19551.818181818177,19171.818181818177
51-9198,Helpers--Production Workers,165700.0,-38579.09090908617,-197520.90909090638
53-1041,Aircraft Cargo Handling Supervisors,9760.0,9711.42857142858,9977.500000000015
53-2011,"Airline Pilots, Copilots, and Flight Engineers",103560.0,107860.0,117911.81818181835
53-2012,Commercial Pilots,47630.0,57637.27272727294,64920.45454545459
53-2021,Air Traffic Controllers,22510.0,21317.272727272706,20815.45454545453
53-2022,Airfield Operations Specialists,15190.0,21873.63636363647,26673.18181818188
53-2031,Flight Attendants,131650.0,131731.81818181835,138964.54545454588
53-3011,"Ambulance Drivers and Attendants, Except Emergency Medical Technicians",12630.0,6529.999999999767,2765.454545454355
53-3031,Driver/Sales Workers,409180.0,456359.0909090908,466015.9090909092
53-3032,Heavy and Tractor-Trailer Truck Drivers,2062040.0,2303276.3636363596,2516295.0
53-3033,Light Truck or Delivery Services Drivers,983300.0,1133085.4545454532,1227706.8181818128
53-3051,"Bus Drivers, School",402930.0,451143.0,503338.0
53-3052,"Bus Drivers, Transit and Intercity",159240.0,146322.85714285728,137522.85714285728
53-3053,Shuttle Drivers and Chauffeurs,248530.0,333974.0,421124.0
53-4011,Locomotive Engineers,33470.0,30804.54545454553,28305.909090909176
53-4013,"Rail Yard Engineers, Dinkey Operators, and Hostlers",3920.0,1989.0909090908826,820.4545454545296
53-4022,"Railroad Brake, Signal, and Switch Operators and Locomotive Firers",12400.0,12664.28571428571,12133.92857142858
53-4031,Railroad Conductors and Yardmasters,46440.0,46604.54545454547,47756.81818181818
53-4041,Subway and Streetcar Operators,10200.0,9584.545454545412,8852.272727272706
53-5011,Sailors and Marine Oilers,31670.0,28816.363636363647,28169.09090909094
53-5021,"Captains, Mates, and Pilots of Water Vessels",36850.0,34997.272727272735,35307.272727272735
53-5022,Motorboat Operators,2480.0,2073.636363636353,1752.2727272727207
53-5031,Ship Engineers,8400.0,7630.909090909117,7157.727272727294
53-6011,Bridge and Lock Tenders,3040.0,3186.363636363636,3130.909090909092
53-6021,Parking Lot Attendants,137880.0,103880.0,90361.3636363633
53-6031,Automotive and Watercraft Service Attendants,102010.0,89851.81818181789,80849.54545454541
53-6032,Aircraft Service Attendants,31300.0,55183.0,78108.0
53-6041,Traffic Technicians,7860.0,8418.181818181823,8973.636363636353
53-6051,Transportation Inspectors,24500.0,22660.0,20550.454545454588
53-6061,"Transportation Attendants, Except Flight Attendants",27110.0,25732.727272727294,27590.909090909176
53-7011,Conveyor Operators and Tenders,22930.0,21496.36363636353,19120.45454545447
53-7021,Crane and Tower Operators,42890.0,40920.0,39340.0
53-7031,Dredge Operators,1040.0,575.4545454545296,176.36363636361784
53-7041,Hoist and Winch Operators,2600.0,2198.1818181818235,1764.5454545454704
53-7051,Industrial Truck and Tractor Operators,774420.0,978093.636363633,1129617.7272727266
53-7061,Cleaners of Vehicles and Equipment,380430.0,383466.3636363633,393682.72727272706
53-7062,"Laborers and Freight, Stock, and Material Movers, Hand",2950280.0,3243878.1818181872,3454789.0909090936
53-7063,Machine Feeders and Offbearers,42330.0,11371.818181818351,-14840.0
53-7064,"Packers and Packagers, Hand",559820.0,513071.8181818165,448614.9999999963
53-7065,Stockers and Order Fillers,2833810.0,3632980.0,4285171.071428567
53-7071,Gas Compressor and Gas Pumping Station Operators,3510.0,4218.181818181809,4421.8181818181765
53-7072,"Pump Operators, Except Wellhead Pumpers",9780.0,9898.181818181765,9222.727272727236
53-7073,Wellhead Pumpers,17990.0,21221.81818181812,24645.0
53-7081,Refuse and Recyclable Material Collectors,147240.0,158275.45454545412,174464.54545454495
53-7121,"Tank Car, Truck, and Ship Loaders",10700.0,11672.727272727265,11873.181818181809
