soc_code,occupation_title,employment_2025,forecast_2035,your_pct_change_2035,bls_employment_2035,bls_pct_change
11-1011,Chief Executives,204350.0,180294.09090909082,-11.771915385813152,300.9,3.2
11-1021,General and Operations Managers,3503020.0,5369624.090909123,53.28556762191262,3780.3,5.0
11-2011,Advertising and Promotions Managers,21470.0,10369.090909090824,-51.70428081466779,31.9,-3.7
11-2021,Marketing Managers,395240.0,609306.8181818202,54.16122310034921,450.8,6.9
11-2022,Sales Managers,637080.0,911123.636363633,43.015576750742916,679.1,4.5
11-2032,Public Relations Managers,74850.0,119696.0,59.914495657982634,85.4,5.7
11-2033,Fundraising Managers,38810.0,81698.0,110.50760113372841,51.4,5.4
11-3012,Administrative Services Managers,263960.0,359862.0,36.33202000303076,293.3,5.2
11-3013,Facilities Managers,156180.0,290188.0,85.80355999487772,173.5,4.6
11-3021,Computer and Information Systems Managers,670570.0,1002149.9999999851,49.44748497546641,793.9,15.8
11-3031,Financial Managers,841710.0,1166261.363636367,38.55857286195567,964.6,9.7
11-3051,Industrial Production Managers,246250.0,315263.18181818165,28.02565759113976,258.6,2.6
11-3061,Purchasing Managers,84320.0,91285.90909090918,8.261277384854335,91.8,4.0
11-3071,"Transportation, Storage, and Distribution Managers",221180.0,330048.6363636367,49.22173630691595,242.1,6.1
11-3111,Compensation and Benefits Managers,22940.0,26050.454545454588,13.559086946183903,24.0,1.1
11-3121,Human Resources Managers,220660.0,317922.7272727266,44.078096289643156,237.4,5.5
11-3131,Training and Development Managers,48050.0,59820.000000000466,24.495317377732498,53.5,6.4
11-9013,"Farmers, Ranchers, and Other Agricultural Managers",6500.0,8614.090909090883,32.524475524475115,762.2,-3.4
11-9021,Construction Managers,380360.0,478237.2727272734,25.73279859272095,664.3,9.1
11-9031,"Education Administrators, Preschool and Childcare Center/Program",73660.0,96495.0,31.00054303556883,89.0,-3.1
11-9032,"Education Administrators, Elementary and Secondary School",328330.0,409500.4545454532,24.722216838380042,342.7,-0.3
11-9033,"Education Administrators, Postsecondary",180470.0,223365.45454545505,23.768745245999366,235.9,1.8
11-9041,Architectural and Engineering Managers,220260.0,252339.54545454495,14.564399098585737,233.1,5.5
11-9051,Food Service Managers,238430.0,285187.7272727266,19.61067284852015,364.2,5.8
11-9071,Gaming Managers,5030.0,5323.636363636353,5.837701066329086,5.8,3.6
11-9072,"Entertainment and Recreation Managers, Except Gambling",37980.0,93956.0,147.38283307003687,46.5,6.0
11-9081,Lodging Managers,42620.0,48600.45454545459,14.032037882343001,56.9,3.8
11-9111,Medical and Health Services Managers,597080.0,855038.636363633,43.20336242440426,795.5,24.2
11-9121,Natural Sciences Managers,108690.0,161947.72727272846,48.99965707307798,121.5,8.2
11-9131,Postmasters and Mail Superintendents,13810.0,12425.0,-10.02896451846488,13.2,-0.3
11-9141,"Property, Real Estate, and Community Association Managers",311180.0,448276.3636363633,44.05693284798615,477.6,3.7
11-9151,Social and Community Service Managers,209330.0,274281.81818181835,31.028432705211078,247.7,7.2
11-9161,Emergency Management Directors,13500.0,16365.0,21.22222222222222,14.5,3.9
11-9171,Funeral Home Managers,13910.0,22294.28571428545,60.27523877990977,36.2,4.1
11-9179,"Personal Service Managers, All Other",10450.0,19080.0,82.58373205741627,27.1,6.2
11-9199,"Managers, All Other",622190.0,885014.0408163294,42.2417655083382,1404.4,4.9
13-1011,"Agents and Business Managers of Artists, Performers, and Athletes",12620.0,11995.0,-4.952456418383519,29.5,9.7
13-1031,"Claims Adjusters, Examiners, and Investigators",324230.0,344220.0,6.165376430311816,355.5,-5.5
13-1032,"Insurance Appraisers, Auto Damage",11560.0,1753.1818181818817,-84.83406731676573,12.4,-8.7
13-1041,Compliance Officers,417070.0,566863.1818181798,35.91559733813983,453.1,3.8
13-1051,Cost Estimators,224220.0,230521.36363636353,2.810348602427763,219.5,-3.1
13-1071,Human Resources Specialists,912430.0,1426184.0909090936,56.306137556754344,999.7,6.4
13-1074,Farm Labor Contractors,310.0,-307.72727272727934,-199.26686217009012,2.0,7.4
13-1075,Labor Relations Specialists,64810.0,40649.090909090824,-37.27960051058351,67.7,2.1
13-1081,Logisticians,251040.0,356322.2727272734,41.938445159047724,300.0,17.6
13-1082,Project Management Specialists,1066670.0,1891090.0,77.2891334714579,1167.4,6.7
13-1111,Management Analysts,898280.0,1198348.636363633,33.404799880174664,1186.3,10.1
13-1121,"Meeting, Convention, and Event Planners",142860.0,177027.7272727266,23.91693075229357,182.1,5.8
13-1131,Fundraisers,111040.0,155549.5454545468,40.08424482578063,148.7,5.5
13-1141,"Compensation, Benefits, and Job Analysis Specialists",112380.0,135846.81818181742,20.881667718292775,125.2,6.0
13-1151,Training and Development Specialists,458300.0,643425.4545454532,40.39394600599022,523.7,10.8
13-1161,Market Research Analysts and Marketing Specialists,899580.0,1294984.545454532,43.95435041403009,1019.0,7.0
13-1199,"Business Operations Specialists, All Other",1087090.0,1290297.673469387,18.69281048205641,1202.3,3.9
13-2011,Accountants and Auditors,1449500.0,1711351.363636367,18.064944024585515,1674.6,5.0
13-2031,Budget Analysts,47160.0,35555.454545454355,-24.606754568587032,51.3,1.9
13-2041,Credit Analysts,64390.0,61788.18181818165,-4.040717785088292,61.9,-4.3
13-2052,Personal Financial Advisors,266800.0,378519.5454545468,41.873892599155475,303.5,1.4
13-2053,Insurance Underwriters,105420.0,127531.81818181835,20.97497456063209,120.8,-3.8
13-2061,Financial Examiners,67830.0,88119.54545454541,29.91234771420524,76.5,9.3
13-2071,Credit Counselors,27770.0,20881.363636363763,-24.806036599338267,32.3,3.3
13-2072,Loan Officers,274330.0,302704.9999999999,10.34338205810516,286.0,1.1
13-2081,"Tax Examiners and Collectors, and Revenue Agents",56610.0,45848.63636363647,-19.009651362592354,59.5,-1.0
13-2082,Tax Preparers,76480.0,89602.27272727294,17.157783377710434,100.3,4.7
13-2099,"Financial Specialists, All Other",132130.0,129819.34693877556,-1.7487724674369476,143.4,4.1
15-1211,Computer Systems Analysts,519530.0,356180.3571428582,-31.441811417462283,587.2,7.9
15-1212,Information Security Analysts,190650.0,298951.0714285672,56.80622681802632,233.4,21.0
15-1221,Computer and Information Research Scientists,37200.0,52428.214285714086,40.93605990783357,47.0,21.8
15-1231,Computer Network Support Specialists,146190.0,68746.42857142724,-52.97460252313616,154.4,1.2
15-1232,Computer User Support Specialists,717190.0,848439.6428571455,18.300540004342718,724.4,-3.5
15-1241,Computer Network Architects,179740.0,226236.78571428545,25.868913827910006,195.8,7.7
15-1242,Database Administrators,69990.0,30220.0,-56.8224032004572,74.9,-0.1
15-1243,Database Architects,67140.0,103788.0,54.58445040214477,76.0,9.4
15-1244,Network and Computer Systems Administrators,314340.0,255066.78571428545,-18.85640207600514,310.4,-4.1
15-1251,Computer Programmers,92230.0,-87043.92857142538,-194.37702328030508,102.7,-7.3
15-1252,Software Developers,1687890.0,2500120.0,48.12102684416639,1892.6,10.2
15-1253,Software Quality Assurance Analysts and Testers,186740.0,191168.0,2.371211309842562,198.2,5.7
15-1254,Web Developers,70190.0,34744.0,-50.50007123521869,90.6,3.8
15-1255,Web and Digital Interface Designers,113330.0,194244.0,71.39680578840554,140.8,6.0
15-1299,"Computer Occupations, All Other",435370.0,568943.2142857164,30.68039007871843,495.3,5.1
15-2011,Actuaries,26670.0,36108.18181818188,35.38875822340413,34.1,9.2
15-2021,Mathematicians,2030.0,898.636363636353,-55.73219883564763,2.2,0.6
15-2031,Operations Research Analysts,108510.0,117275.45454545459,8.078015432176377,126.6,11.9
15-2041,Statisticians,29030.0,24714.090909091057,-14.867065418218885,34.7,11.0
15-2051,Data Scientists,262440.0,654916.0,149.5488492607834,371.0,34.6
15-2099,"Mathematical Science Occupations, All Other",3720.0,7149.198113207589,92.18274497869862,4.2,7.1
17-1011,"Architects, Except Landscape and Naval",106770.0,122800.90909090918,15.014432041686968,129.9,4.3
17-1012,Landscape Architects,19600.0,19313.636363636364,-1.4610389610389594,24.5,4.4
17-1021,Cartographers and Photogrammetrists,14260.0,15424.09090909094,8.163330358281492,15.7,7.4
17-1022,Surveyors,50830.0,61009.54545454541,20.0266485432725,55.0,5.8
17-2011,Aerospace Engineers,67710.0,63835.90909090909,-5.721593426511464,74.4,8.3
17-2021,Agricultural Engineers,1480.0,866.8181818181765,-41.431203931204294,1.6,6.9
17-2031,Biomedical Engineers,23480.0,21856.363636363647,-6.9149759950440925,25.7,7.6
17-2041,Chemical Engineers,21070.0,3594.545454545412,-82.93998360443562,22.9,4.7
17-2051,Civil Engineers,367840.0,424418.6363636367,15.381316975760303,405.1,6.4
17-2061,Computer Hardware Engineers,76660.0,85165.0,11.094442995043046,83.0,9.1
17-2071,Electrical Engineers,198750.0,202063.6363636367,1.6672384219555734,219.5,9.9
17-2072,"Electronics Engineers, Except Computer",96900.0,43898.18181818351,-54.697438784124344,101.8,3.7
17-2081,Environmental Engineers,38340.0,20845.0,-45.63119457485655,41.6,6.3
17-2111,"Health and Safety Engineers, Except Mining Safety Engineers and Inspectors",21450.0,17269.09090909094,-19.491417673235706,23.5,5.4
17-2112,Industrial Engineers,365740.0,470510.9090909101,28.646281262894433,410.6,12.4
17-2121,Marine Engineers and Naval Architects,8250.0,7654.090909090912,-7.223140495867736,8.9,6.7
17-2131,Materials Engineers,22770.0,16434.090909090824,-27.825687707111,25.6,7.5
17-2141,Mechanical Engineers,296810.0,287186.36363636365,-3.2423558382926294,332.0,11.2
17-2151,"Mining and Geological Engineers, Including Mining Safety Engineers",6080.0,6283.636363636368,3.349282296650783,6.4,3.8
17-2161,Nuclear Engineers,15280.0,9353.181818181765,-38.78807710614028,16.6,0.4
17-2171,Petroleum Engineers,18060.0,-1678.1818181816489,-109.2922581294665,18.8,2.0
17-2199,"Engineers, All Other",154070.0,188752.7272727266,22.511019194344517,173.0,3.7
17-3011,Architectural and Civil Drafters,103700.0,122875.45454545459,18.491277285877132,109.5,5.2
17-3012,Electrical and Electronics Drafters,17920.0,8035.0,-55.16183035714286,18.2,-3.4
17-3013,Mechanical Drafters,39960.0,12811.818181818351,-67.93839293839251,39.6,-6.0
17-3021,Aerospace Engineering and Operations Technicians,11280.0,7760.0,-31.20567375886525,12.9,11.9
17-3022,Civil Engineering Technicians,68520.0,53832.272727272706,-21.435679032001303,73.2,3.2
17-3023,Electrical and Electronics Engineering Technicians,95130.0,37801.3636363633,-60.263467217109955,99.2,2.4
17-3024,Electro-Mechanical Technicians,15520.0,15942.272727272706,2.7208294283035186,16.2,2.6
17-3025,Environmental Engineering Technicians,12190.0,6733.6363636364695,-44.76098143038171,12.9,3.1
17-3026,Industrial Engineering Technicians,75570.0,84266.36363636376,11.507693047986983,79.0,3.1
17-3027,Mechanical Engineering Technicians,36190.0,25544.545454544947,-29.415458815847067,37.4,1.3
17-3029,"Engineering Technicians, Except Drafters, All Other",59930.0,50731.081632652786,-15.34943829025065,64.1,2.8
17-3031,Surveying and Mapping Technicians,58010.0,62491.36363636376,7.725157104574665,62.2,5.8
19-1011,Animal Scientists,3100.0,3039.0909090909117,-1.9648093841641376,3.6,5.8
19-1012,Food Scientists and Technologists,13060.0,12966.818181818177,-0.7134901851594446,14.9,6.2
19-1013,Soil and Plant Scientists,15730.0,18061.818181818177,14.82401895625033,21.3,6.7
19-1021,Biochemists and Biophysicists,33830.0,40600.90909090894,20.014511057963176,39.5,12.3
19-1022,Microbiologists,18940.0,17540.909090909117,-7.386963617164111,21.4,6.2
19-1023,Zoologists and Wildlife Biologists,18120.0,16439.09090909091,-9.276540236805122,20.2,3.6
19-1029,"Biological Scientists, All Other",55850.0,89921.81818181835,61.005941238707884,62.4,4.7
19-1031,Conservation Scientists,25950.0,29885.45454545447,15.165528113504706,29.2,5.3
19-1032,Foresters,10430.0,11859.090909090883,13.70173450710338,13.5,2.2
19-1041,Epidemiologists,12090.0,18100.909090909176,49.718023911573,15.2,18.7
19-1042,"Medical Scientists, Except Epidemiologists",172340.0,202884.54545454495,17.72342198824704,203.7,12.6
19-2011,Astronomers,2120.0,2067.272727272728,-2.4871355060033995,2.6,7.8
19-2012,Physicists,20430.0,25301.36363636353,23.84416855782443,24.8,7.2
19-2021,Atmospheric and Space Scientists,10000.0,8892.272727272735,-11.077272727272648,10.9,2.6
19-2031,Chemists,82770.0,79604.09090909082,-3.824947554559835,90.3,6.4
19-2032,Materials Scientists,8470.0,9550.00000000003,12.75088547815855,9.3,8.3
19-2041,"Environmental Scientists and Specialists, Including Health",89250.0,82260.45454545452,-7.8314234784823356,99.2,6.1
19-2042,"Geoscientists, Except Hydrologists and Geographers",23470.0,13508.63636363647,-42.44296393848969,26.7,5.1
19-2043,Hydrologists,5850.0,5320.0,-9.05982905982906,6.4,1.5
19-2099,"Physical Scientists, All Other",22300.0,24850.0,11.434977578475337,27.1,2.1
19-3011,Economists,17790.0,12597.727272727294,-29.186468393888177,19.5,4.7
19-3022,Survey Researchers,8290.0,1580.0,-80.94089264173702,9.3,-4.8
19-3032,Industrial-Organizational Psychologists,790.0,956.818181818182,21.116225546605314,4.3,6.5
19-3033,Clinical and Counseling Psychologists,75990.0,122286.0,60.923805763916306,90.9,11.7
19-3034,School Psychologists,63940.0,82272.0,28.670628714419767,64.5,0.8
19-3039,"Psychologists, All Other",18820.0,22081.818181818235,17.331658776930045,61.4,2.3
19-3041,Sociologists,2260.0,2630.454545454544,16.391794046661246,2.8,3.8
19-3051,Urban and Regional Planners,44230.0,53079.54545454541,20.008015949684406,47.6,3.9
19-3091,Anthropologists and Archeologists,8990.0,10366.363636363647,15.309940337749131,10.8,6.0
19-3092,Geographers,1400.0,1502.7272727272739,7.337662337662421,1.5,-2.1
19-3093,Historians,3450.0,3447.727272727272,-0.06587615283269374,3.9,3.0
19-3094,Political Scientists,5540.0,6235.909090909088,12.561535936987154,6.0,-2.0
19-3099,"Social Scientists and Related Workers, All Other",37100.0,36815.45454545453,-0.7669688801764701,41.4,-0.2
19-4012,Agricultural Technicians,15130.0,19072.0,26.054196959682752,20.6,5.4
19-4013,Food Science Technicians,14600.0,21162.0,44.945205479452056,21.8,4.8
19-4021,Biological Technicians,69620.0,73623.18181818182,5.750045702645537,79.9,7.4
19-4031,Chemical Technicians,57540.0,43580.45454545412,-24.260593421178097,63.0,4.9
19-4042,"Environmental Science and Protection Technicians, Including Health",34670.0,43186.07142857136,24.563228810416387,38.9,6.9
19-4043,"Geological Technicians, Except Hydrologic Technicians",6980.0,4082.0,-41.51862464183381,7.6,3.6
19-4051,Nuclear Technicians,6470.0,4691.8181818181765,-27.48349023464951,6.8,1.1
19-4061,Social Science Research Assistants,30640.0,32106.363636363632,4.785782103014466,40.4,5.0
19-4071,Forest and Conservation Technicians,30410.0,44311.785714285914,45.71452059942754,32.2,-2.1
19-4092,Forensic Science Technicians,19120.0,24198.18181818188,26.559528337771347,22.8,13.3
19-4099,"Life, Physical, and Social Science Technicians, All Other",73910.0,74410.90909090906,0.6777284412245422,93.4,4.4
19-5011,Occupational Health and Safety Specialists,140610.0,217873.9285714291,54.94909933250061,169.6,18.5
19-5012,Occupational Health and Safety Technicians,30590.0,51435.35714285681,68.14435156213406,37.2,19.4
21-1012,"Educational, Guidance, School, and Vocational Counselors",353310.0,440650.4545454569,24.72062906384108,400.9,2.9
21-1013,Marriage and Family Therapists,66740.0,104820.00000000093,57.05723703925821,86.6,13.5
21-1015,Rehabilitation Counselors,94740.0,67474.09090909129,-28.77972249409828,99.0,2.2
21-1021,"Child, Family, and School Social Workers",392550.0,475399.0909090899,21.10536005835942,422.9,4.4
21-1022,Healthcare Social Workers,187630.0,221429.09090909176,18.01369232483705,211.3,8.5
21-1023,Mental Health and Substance Abuse Social Workers,132810.0,136716.36363636376,2.941317398060209,153.2,10.3
21-1091,Health Educators,65690.0,67501.81818181812,2.758133934873068,74.4,5.6
21-1092,Probation Officers and Correctional Treatment Specialists,89390.0,89494.0909090909,0.11644580947633648,96.5,3.0
21-1093,Social and Human Service Assistants,437860.0,496957.72727272846,13.496945889720108,497.6,7.4
21-1094,Community Health Workers,61660.0,74718.18181818165,21.177719458614416,72.9,12.7
21-2011,Clergy,57200.0,66624.09090909082,16.47568340750144,247.8,2.4
21-2021,"Directors, Religious Activities and Education",22160.0,24632.727272727236,11.158516573678861,146.6,3.3
23-1011,Lawyers,754500.0,907598.1818181835,20.29134285197926,904.3,4.7
23-1012,Judicial Law Clerks,13290.0,14211.818181818184,6.936178945208306,14.4,2.8
23-1021,"Administrative Law Judges, Adjudicators, and Hearing Officers",16370.0,16236.818181818177,-0.8135724995835276,17.4,0.0
23-1022,"Arbitrators, Mediators, and Conciliators",9210.0,10680.45454545453,15.965847399071983,11.0,4.7
23-1023,"Judges, Magistrate Judges, and Magistrates",24030.0,21204.545454545412,-11.758029735558,26.0,2.8
23-2011,Paralegals and Legal Assistants,392880.0,496443.1818181835,26.36000351715117,403.8,-0.3
23-2093,"Title Examiners, Abstractors, and Searchers",48580.0,43345.90909090894,-10.77416819491778,61.1,2.1
25-1011,"Business Teachers, Postsecondary",82150.0,77011.81818181823,-6.254633984396548,109.7,5.9
25-1021,"Computer Science Teachers, Postsecondary",35480.0,40008.181818181765,12.76263195654387,46.1,4.9
25-1022,"Mathematical Science Teachers, Postsecondary",47670.0,40190.454545454355,-15.690256879684592,58.1,1.7
25-1031,"Architecture Teachers, Postsecondary",7700.0,8680.909090909088,12.739079102715431,10.0,2.6
25-1032,"Engineering Teachers, Postsecondary",40270.0,40659.54545454547,0.9673341309795641,54.9,7.8
25-1041,"Agricultural Sciences Teachers, Postsecondary",8920.0,5670.45454545453,-36.42988177741559,11.2,2.9
25-1042,"Biological Science Teachers, Postsecondary",50190.0,51046.81818181818,1.7071491966889352,66.5,7.3
25-1043,"Forestry and Conservation Science Teachers, Postsecondary",1520.0,631.3636363636324,-58.46291866028734,1.9,2.8
25-1051,"Atmospheric, Earth, Marine, and Space Sciences Teachers, Postsecondary",9900.0,11007.272727272726,11.18457300275481,12.3,2.4
25-1052,"Chemistry Teachers, Postsecondary",19980.0,18682.727272727236,-6.492856492856679,25.4,2.3
25-1053,"Environmental Science Teachers, Postsecondary",6690.0,8242.727272727294,23.209675227612763,8.7,2.7
25-1054,"Physics Teachers, Postsecondary",13090.0,12151.818181818177,-7.167164386415764,16.8,2.4
25-1061,"Anthropology and Archeology Teachers, Postsecondary",5240.0,4041.8181818181765,-22.86606523247755,6.7,2.6
25-1062,"Area, Ethnic, and Cultural Studies Teachers, Postsecondary",11300.0,13161.818181818177,16.476267095736073,14.7,2.7
25-1063,"Economics Teachers, Postsecondary",11560.0,10097.272727272706,-12.653350110097698,15.0,2.4
25-1064,"Geography Teachers, Postsecondary",3330.0,2122.272727272735,-36.26808626808603,4.2,2.7
25-1065,"Political Science Teachers, Postsecondary",16970.0,16002.272727272724,-5.702576739701095,22.0,2.5
25-1066,"Psychology Teachers, Postsecondary",41530.0,44819.54545454553,7.920889608826219,54.4,4.0
25-1067,"Sociology Teachers, Postsecondary",11850.0,8252.272727272706,-30.360567702340035,15.0,2.2
25-1071,"Health Specialties Teachers, Postsecondary",221270.0,269193.1818181835,21.65823736529286,328.3,17.9
25-1072,"Nursing Instructors and Teachers, Postsecondary",77960.0,100035.90909090918,28.316969075050253,112.6,17.1
25-1081,"Education Teachers, Postsecondary",60830.0,59349.54545454545,-2.4337572668988185,79.2,2.5
25-1082,"Library Science Teachers, Postsecondary",3630.0,2713.1818181817944,-25.256699223642027,4.6,2.7
25-1111,"Criminal Justice and Law Enforcement Teachers, Postsecondary",13150.0,11832.272727272706,-10.020739716557369,15.9,1.5
25-1112,"Law Teachers, Postsecondary",20060.0,21064.09090909094,5.005438230762417,26.5,2.6
25-1113,"Social Work Teachers, Postsecondary",12610.0,13314.090909090912,5.583591666065914,16.4,2.6
25-1121,"Art, Drama, and Music Teachers, Postsecondary",93560.0,95943.63636363635,2.54770881106921,119.5,2.2
25-1122,"Communications Teachers, Postsecondary",29420.0,28611.363636363636,-2.7485940300352274,36.5,2.1
25-1123,"English Language and Literature Teachers, Postsecondary",57720.0,36818.181818182115,-36.2124362124357,69.3,0.0
25-1124,"Foreign Language and Literature Teachers, Postsecondary",19830.0,7535.909090909176,-61.99743272360476,24.7,0.2
25-1125,"History Teachers, Postsecondary",18790.0,14876.363636363647,-20.82829357975707,23.2,0.0
25-1126,"Philosophy and Religion Teachers, Postsecondary",20460.0,16741.81818181812,-18.17293166266804,27.3,2.0
25-1192,"Home Economics Teachers, Postsecondary",2770.0,2047.2727272727352,-26.091237282572738,3.5,2.4
25-1193,"Recreation and Fitness Studies Teachers, Postsecondary",12630.0,6285.0,-50.2375296912114,15.6,2.2
25-1194,"Vocational Education Teachers, Postsecondary",114110.0,100407.2727272727,-12.008349200532201,122.7,-0.3
25-2011,"Preschool Teachers, Except Special Education",478780.0,520934.09090909176,8.804480326891632,609.4,4.5
25-2012,"Kindergarten Teachers, Except Special Education",108870.0,61469.09090908989,-43.53899980794536,110.9,-0.3
25-2021,"Elementary School Teachers, Except Special Education",1388390.0,1378452.2727272727,-0.7157734694665976,1413.4,-0.4
25-2022,"Middle School Teachers, Except Special and Career/Technical Education",620090.0,602760.4545454548,-2.7946822968512928,627.4,-0.4
25-2023,"Career/Technical Education Teachers, Middle School",16870.0,15906.818181818177,-5.709435792423376,16.6,-0.5
25-2031,"Secondary School Teachers, Except Special and Career/Technical Education",1065210.0,1139046.3636363633,6.931625091424536,1085.0,-0.2
25-2032,"Career/Technical Education Teachers, Secondary School",111420.0,130839.99999999907,17.42954586250141,110.1,-0.4
25-2051,"Special Education Teachers, Preschool",29510.0,23745.45454545456,-19.534210283108916,31.3,2.4
25-2057,"Special Education Teachers, Middle School",95200.0,118477.85714285634,24.45153061224406,94.4,-0.4
25-2058,"Special Education Teachers, Secondary School",163930.0,206205.0,25.788446288049776,164.5,-0.2
25-2059,"Special Education Teachers, All Other",33930.0,38939.09090909091,14.76301476301477,35.5,1.9
25-3011,Adult Basic and Secondary Education and Literacy Teachers and Instructors,37310.0,-1155.9090909091756,-103.09812139080454,35.4,-13.9
25-3021,Self-Enrichment Education Teachers,332110.0,384143.1818181798,15.667454102008307,433.7,3.5
25-3031,"Substitute Teachers, Short-Term",524770.0,391588.57142857276,-25.379009579706775,567.0,2.0
25-3041,Tutors,175070.0,233566.0,33.41292054606729,208.0,-0.2
25-4011,Archivists,7970.0,9600.000000000058,20.451693851945524,10.6,3.4
25-4012,Curators,12150.0,12673.636363636368,4.3097643097643425,14.9,4.9
25-4013,Museum Technicians and Conservators,12310.0,13960.45454545453,13.407429288826398,14.5,3.6
25-4022,Librarians and Media Collections Specialists,133790.0,129918.21428571426,-2.8939275837399947,145.9,2.6
25-4031,Library Technicians,68690.0,42802.72727272753,-37.687105440781,68.1,-6.4
25-9021,Farm and Home Management Advisors,8220.0,9436.363636363632,14.797611147976063,9.4,-3.2
25-9031,Instructional Coordinators,227760.0,306616.8181818165,34.62276878372694,252.8,1.6
25-9044,"Teaching Assistants, Postsecondary",164090.0,206133.57142857276,25.622263043800814,211.0,2.7
27-1011,Art Directors,53070.0,73411.81818181789,38.33016427702635,146.0,4.2
27-1012,Craft Artists,4580.0,4329.545454545456,-5.468439857086117,11.8,2.0
27-1013,"Fine Artists, Including Painters, Sculptors, and Illustrators",11220.0,9314.545454545441,-16.98266083292833,28.0,-2.9
27-1014,Multimedia Artists and Animators,19970.0,16632.727272727527,-16.711430782536173,51.8,-0.3
27-1021,Commercial and Industrial Designers,33490.0,30228.636363636353,-9.738320801324715,36.3,2.4
27-1022,Fashion Designers,21450.0,23019.54545454547,7.31722822631921,32.8,0.1
27-1023,Floral Designers,40590.0,35886.818181818235,-11.58704562252221,42.7,-5.6
27-1024,Graphic Designers,197830.0,201970.90909090918,2.0931653899353866,248.8,-1.7
27-1025,Interior Designers,71500.0,90946.36363636376,27.19771137952974,99.7,2.7
27-1026,Merchandise Displayers and Window Trimmers,165220.0,269709.09090909176,63.24239856499925,169.2,2.7
27-1027,Set and Exhibit Designers,10630.0,7509.54545454547,-29.355169759685136,32.0,1.4
27-2012,Producers and Directors,143120.0,199748.18181818165,39.56692413232368,188.3,4.0
27-2021,Athletes and Sports Competitors,15070.0,18545.0,23.059057730590578,24.1,5.5
27-2022,Coaches and Scouts,248950.0,247777.72727272706,-0.4708868155344202,316.9,6.1
27-2023,"Umpires, Referees, and Other Sports Officials",15780.0,7738.636363636237,-50.95921189077163,19.2,5.2
27-2032,Choreographers,2860.0,1481.3636363635887,-48.20406865861578,4.9,3.1
27-2041,Music Directors and Composers,12540.0,1506.8181818181183,-87.9839060461075,51.7,1.2
27-3011,Radio and Television Announcers,21240.0,15255.909090909176,-28.173686012668664,20.2,-7.6
27-3023,"News Analysts, Reporters, and Journalists",39250.0,38133.21428571432,-2.845313921746958,44.3,-5.9
27-3031,Public Relations Specialists,283380.0,347510.45454545505,22.630550690046952,320.2,1.8
27-3041,Editors,91690.0,91107.2727272727,-0.6355407053411428,103.8,-1.1
27-3042,Technical Writers,45500.0,48032.727272727265,5.566433566433549,46.7,0.8
27-3043,Writers and Authors,47940.0,56413.63636363624,17.675503470246635,139.9,-0.3
27-3091,Interpreters and Translators,52060.0,53307.27272727273,2.395836971326792,75.4,2.0
27-3092,Court Reporters and Simultaneous Captioners,12870.0,9831.785714285797,-23.60694860694796,19.9,-0.1
27-4011,Audio and Video Equipment Technicians,70230.0,60895.45454545447,-13.291393214503103,91.1,3.9
27-4012,Broadcast Technicians,21110.0,15727.272727272706,-25.498471211403572,23.3,-3.1
27-4014,Sound Engineering Technicians,13080.0,11646.363636363647,-10.960522657770284,14.6,-3.1
27-4021,Photographers,51760.0,50445.45454545453,-2.539693691162037,144.0,-0.7
27-4031,"Camera Operators, Television, Video, and Motion Picture",21550.0,25829.545454545412,19.858679603458988,33.0,1.3
27-4032,Film and Video Editors,25610.0,26758.181818181823,4.483333924958311,40.8,3.7
29-1011,Chiropractors,39630.0,47785.45454545459,20.57899204000653,67.0,8.7
29-1021,"Dentists, General",124390.0,138632.72727272753,11.450058101718408,150.0,5.7
29-1022,Oral and Maxillofacial Surgeons,4910.0,4395.0,-10.488798370672098,5.9,5.6
29-1023,Orthodontists,6210.0,6775.0,9.098228663446054,7.5,6.0
29-1024,Prosthodontists,870.0,923.9393939393922,6.199930337861169,1.1,5.8
29-1031,Dietitians and Nutritionists,77570.0,94097.72727272753,21.306854805630433,93.0,7.7
29-1041,Optometrists,42790.0,49504.54545454541,15.691856636002367,49.4,9.5
29-1051,Pharmacists,321970.0,359592.2727272734,11.685024296447931,342.3,5.2
29-1071,Physician Assistants,162150.0,223441.3636363633,37.79917584727925,204.6,21.1
29-1081,Podiatrists,9680.0,9237.727272727272,-4.5689331329827265,10.2,2.0
29-1122,Occupational Therapists,162450.0,193828.18181818165,19.315593609222315,194.8,14.8
29-1123,Physical Therapists,267330.0,293636.3636363642,9.840408347871255,317.6,11.9
29-1124,Radiation Therapists,17070.0,16722.727272727265,-2.034403791873083,17.9,2.8
29-1125,Recreational Therapists,14930.0,11395.90909090906,-23.67107105888105,16.3,4.8
29-1126,Respiratory Therapists,139790.0,150156.36363636376,7.415668957982518,154.2,8.5
29-1127,Speech-Language Pathologists,183390.0,229226.81818181835,24.994175354064208,225.5,16.6
29-1128,Exercise Physiologists,8560.0,9823.636363636353,14.762107051826554,23.9,12.8
29-1129,"Therapists, All Other",22640.0,30186.363636363763,33.331994860263976,63.2,12.6
29-1131,Veterinarians,83900.0,100246.36363636376,19.483150937263126,99.6,9.4
29-1141,Registered Nurses,3379720.0,3850831.3636363745,13.939360764689813,3660.1,5.6
29-1151,Nurse Anesthetists,51840.0,61870.909090909176,19.349747474747637,59.8,9.7
29-1161,Nurse Midwives,7920.0,9399.090909090883,18.675390266299022,9.1,11.5
29-1171,Nurse Practitioners,323040.0,508376.81818181276,57.37271489035809,474.1,41.0
29-1181,Audiologists,13660.0,16568.181818181823,21.289764408358884,15.7,11.0
29-1211,Anesthesiologists,38760.0,58842.5,51.812435500515996,43.0,3.6
29-1213,Dermatologists,11370.0,14136.0,24.32717678100264,13.0,6.8
29-1214,Emergency Medicine Physicians,32880.0,30804.0,-6.313868613138686,36.1,3.2
29-1215,Family Medicine Physicians,107510.0,115930.71428571409,7.832493987270102,118.0,3.3
29-1216,General Internal Medicine Physicians,67150.0,110686.0714285709,64.83406020636023,76.0,4.0
29-1217,Neurologists,10590.0,13180.0,24.45703493862134,12.1,6.4
29-1218,Obstetricians and Gynecologists,21260.0,24010.357142857043,12.93676925144423,23.2,1.7
29-1221,"Pediatricians, General",39390.0,62839.28571428545,59.531062996408856,42.9,1.5
29-1222,"Physicians, Pathologists",11110.0,11068.0,-0.37803780378037805,12.4,4.8
29-1223,Psychiatrists,27980.0,28219.28571428574,0.8552026958032138,32.1,7.2
29-1224,Radiologists,26770.0,18584.0,-30.57900635039223,29.6,3.4
29-1229,"Physicians, All Other",342720.0,524658.0,53.08648459383753,380.1,3.4
29-1241,"Ophthalmologists, Except Pediatric",8950.0,4408.0,-50.74860335195531,10.2,4.5
29-1291,Acupuncturists,7830.0,10298.0,31.51979565772669,16.0,8.6
29-1292,Dental Hygienists,222740.0,239316.42857142864,7.442052873946592,243.2,8.0
29-1299,"Healthcare Diagnosing or Treating Practitioners, All Other",28630.0,36046.0,25.902899056933286,41.8,5.5
29-2031,Cardiovascular Technologists and Technicians,62960.0,67945.45454545459,7.918447499133717,66.9,3.7
29-2032,Diagnostic Medical Sonographers,90160.0,115941.36363636423,28.595123820279756,105.1,13.9
29-2033,Nuclear Medicine Technologists,17080.0,13044.545454545529,-23.626783053012126,18.2,4.4
29-2034,Radiologic Technologists,230490.0,259738.6363636367,12.689763704992279,246.0,5.0
29-2035,Magnetic Resonance Imaging Technologists,43390.0,50079.54545454541,15.4172515661337,47.3,7.7
29-2036,Medical Dosimetrists,3410.0,6734.0,97.47800586510263,3.7,5.0
29-2043,Paramedics,100610.0,112920.0,12.23536427790478,108.0,5.7
29-2051,Dietetic Technicians,31560.0,20234.545454545645,-35.885470676344596,32.9,2.7
29-2052,Pharmacy Technicians,471680.0,573890.0,21.669352103120758,501.3,6.4
29-2053,Psychiatric Technicians,156960.0,231259.0909090899,47.33632193494514,197.5,22.3
29-2055,Surgical Technologists,117460.0,125839.09090909129,7.1335696484686615,124.3,5.0
29-2056,Veterinary Technologists and Technicians,129140.0,165347.27272727247,28.03722528052693,143.8,9.4
29-2057,Ophthalmic Medical Technicians,71010.0,113958.18181818165,60.481878352600546,88.0,21.4
29-2061,Licensed Practical and Licensed Vocational Nurses,648410.0,541525.4545454532,-16.484098865616943,686.7,3.0
29-2072,Medical Records Specialists,194720.0,221510.0,13.758216926869352,216.3,7.8
29-2081,"Opticians, Dispensing",73530.0,77390.45454545459,5.250176180408796,77.4,4.2
29-2091,Orthotists and Prosthetists,9390.0,12395.0,32.00212992545261,10.7,12.9
29-2092,Hearing Aid Specialists,11270.0,16710.909090909176,48.277809147375116,13.4,19.4
29-2099,"Health Technologists and Technicians, All Other",182610.0,256171.22448979504,40.283239959364245,196.4,5.9
29-9091,Athletic Trainers,30500.0,36485.0,19.62295081967213,39.6,12.7
29-9092,Genetic Counselors,3740.0,4489.090909090912,20.029168692270368,4.6,10.4
29-9093,Surgical Assistants,22270.0,37062.0,66.42119443197126,25.9,6.1
29-9099,"Healthcare Practitioners and Technical Workers, All Other",35010.0,39062.89795918364,11.576400911692772,41.0,5.1
31-1131,Nursing Assistants,1448910.0,1445805.0000000019,-0.21429902478401955,1544.9,2.6
31-1132,Orderlies,52440.0,65825.71428571409,25.525770949111532,54.9,4.0
31-1133,Psychiatric Aides,35520.0,-5931.071428571828,-116.69783622908736,37.6,1.9
31-2011,Occupational Therapy Assistants,51290.0,61167.27272727294,19.25769687516658,63.4,21.5
31-2012,Occupational Therapy Aides,4310.0,-602.7272727272939,-113.98439147859149,4.6,3.6
31-2021,Physical Therapist Assistants,112430.0,135742.27272727247,20.734921931221624,140.4,23.0
31-2022,Physical Therapist Aides,48150.0,36647.727272727294,-23.888416879071038,51.0,4.0
31-9011,Massage Therapists,98790.0,86458.18181818188,-12.482860797467476,179.1,15.3
31-9091,Dental Assistants,387790.0,438547.7272727266,13.088972710159261,417.4,7.4
31-9092,Medical Assistants,817870.0,1022796.3636363596,25.056104715463285,941.5,12.9
31-9093,Medical Equipment Preparers,77420.0,98368.6363636367,27.05842981611561,88.6,10.8
31-9094,Medical Transcriptionists,41550.0,31784.090909090824,-23.503992998578042,40.2,-4.4
31-9095,Pharmacy Aides,39530.0,48771.81818181812,23.379251661568727,39.0,-0.7
31-9096,Veterinary Assistants and Laboratory Animal Caretakers,126580.0,171945.0,35.838995101911834,144.2,9.1
31-9097,Phlebotomists,143540.0,167084.09090909082,16.40245987814604,153.7,6.8
31-9099,"Healthcare Support Workers, All Other",109740.0,125615.90909090918,14.466838974766883,119.4,4.8
33-1011,First-Line Supervisors of Correctional Officers,53380.0,70631.81818181835,32.31888007084741,54.8,-2.5
33-1012,First-Line Supervisors of Police and Detectives,154610.0,209253.1818181798,35.34259221148683,165.4,3.3
33-1021,First-Line Supervisors of Fire Fighting and Prevention Workers,99140.0,139352.72727272846,40.56155666000449,105.4,3.7
33-1091,First-Line Supervisors of Security Workers,81480.0,141752.0,73.97152675503192,85.7,3.7
33-2011,Firefighters,345990.0,346855.00000000047,0.25000722564249417,368.4,3.7
33-2021,Fire Inspectors and Investigators,13800.0,17196.363636363647,24.611330698287297,15.3,4.2
33-2022,Forest Fire Inspectors and Prevention Specialists,2780.0,3944.0909090909117,41.873773708306175,3.4,13.1
33-3011,Bailiffs,17310.0,14641.363636363647,-15.41673231447922,17.7,-1.9
33-3012,Correctional Officers and Jailers,380500.0,280353.18181818165,-26.319794528730185,368.2,-7.4
33-3021,Detectives and Criminal Investigators,114430.0,117672.7272727273,2.8338086801776576,120.7,0.2
33-3031,Fish and Game Wardens,5770.0,6596.36363636364,14.321726800063079,5.8,-5.7
33-3041,Parking Enforcement Workers,9050.0,7220.000000000015,-20.22099447513796,9.3,-1.1
33-3051,Police and Sheriff's Patrol Officers,670520.0,668503.6363636364,-0.3007164046357524,717.3,3.5
33-3052,Transit and Railroad Police,4390.0,1701.363636363647,-61.24456409194426,4.5,3.2
33-9011,Animal Control Workers,12070.0,10031.363636363647,-16.890110717782544,14.3,4.0
33-9021,Private Detectives and Investigators,35580.0,42530.0,19.53344575604272,41.7,5.5
33-9031,Gaming Surveillance Officers and Gaming Investigators,9520.0,9065.909090909088,-4.769862490450754,9.6,-1.8
33-9032,Security Guards,1283470.0,1373035.4545454532,6.978383175723094,1305.6,0.9
33-9091,Crossing Guards,94360.0,119004.09090909082,26.117095071100916,98.1,3.5
33-9092,"Lifeguards, Ski Patrol, and Other Recreational Protective Service Workers",157550.0,121607.2727272727,-22.81353682813538,170.8,5.5
33-9093,Transportation Security Screeners,50290.0,56848.18181818188,13.040727417343174,51.2,-4.2
33-9094,School Bus Monitors,78420.0,133570.0,70.32644733486354,75.3,-1.9
33-9099,"Protective Service Workers, All Other",81500.0,17316.65306122601,-78.75257293101103,84.6,3.0
35-1011,Chefs and Head Cooks,200040.0,245294.0909090899,22.622520950354875,234.7,6.6
35-1012,First-Line Supervisors of Food Preparation and Serving Workers,1223240.0,1580229.5454545468,29.183933280022465,1303.5,5.4
35-2011,"Cooks, Fast Food",641070.0,931825.4545454532,45.35471236299518,644.1,0.6
35-2012,"Cooks, Institution and Cafeteria",441050.0,475037.7272727275,7.70609392874448,466.6,2.8
35-2013,"Cooks, Private Household",1100.0,1490.4545454545441,35.49586776859492,37.2,5.1
35-2014,"Cooks, Restaurant",1409890.0,1625452.7272727266,15.289329470577606,1588.8,12.1
35-2015,"Cooks, Short Order",138650.0,65603.18181818165,-52.68432613185601,131.5,-5.2
35-2021,Food Preparation Workers,893600.0,926135.0,3.6408907788719787,881.3,-3.0
35-3011,Bartenders,756390.0,830272.2727272734,9.767748479920861,800.5,5.0
35-3023,Fast Food and Counter Workers,3854050.0,3975238.9285714254,3.1444565735116408,4079.1,5.8
35-3031,Waiters and Waitresses,2270910.0,1642195.454545468,-27.68557738767859,2330.9,2.0
35-3041,"Food Servers, Nonrestaurant",293900.0,286864.0909090908,-2.393980636580189,309.6,4.5
35-9011,Dining Room and Cafeteria Attendants and Bartender Helpers,542750.0,584104.5454545468,7.619446421841881,575.5,5.3
35-9021,Dishwashers,477450.0,375769.09090909176,-21.29666124011064,475.6,-1.0
35-9031,"Hosts and Hostesses, Restaurant, Lounge, and Coffee Shop",432690.0,424988.63636363624,-1.7798801997651355,459.5,3.4
37-1011,First-Line Supervisors of Housekeeping and Janitorial Workers,178760.0,186542.72727272706,4.353729734127915,273.6,3.2
37-1012,"First-Line Supervisors of Landscaping, Lawn Service, and Groundskeeping Workers",130760.0,160575.90909090918,22.80201062320983,253.0,4.0
37-2011,"Janitors and Cleaners, Except Maids and Housekeeping Cleaners",2209760.0,2189435.909090909,-0.9197420040679,2486.2,2.2
37-2012,Maids and Housekeeping Cleaners,860670.0,673084.0909090899,-21.795334924060338,1339.5,0.6
37-2021,Pest Control Workers,102620.0,130935.45454545412,27.592530252829977,114.7,5.5
37-3011,Landscaping and Groundskeeping Workers,952640.0,976880.0000000009,2.5445078938529697,1244.2,4.7
37-3012,"Pesticide Handlers, Sprayers, and Applicators, Vegetation",27050.0,25377.727272727265,-6.1821542597883,26.7,3.9
37-3013,Tree Trimmers and Pruners,55160.0,64814.54545454541,17.50280176676108,73.6,4.2
39-1013,First-Line Supervisors of Gambling Services Workers,26010.0,27612.142857142957,6.159718789476958,28.1,3.5
39-1014,"First-Line Supervisors of Entertainment and Recreation Workers, Except Gambling Services",103190.0,189732.0,83.86665374551797,115.1,5.3
39-1022,First-Line Supervisors of Personal Service Workers,114110.0,141112.0,23.663132065550784,130.2,6.3
39-2011,Animal Trainers,18770.0,27200.909090909176,44.916937085291295,49.7,4.2
39-2021,Nonfarm Animal Caretakers,266910.0,384727.7272727266,44.141368728307896,409.4,12.1
39-3011,Gaming Dealers,83910.0,54305.0,-35.28184960076272,91.9,3.4
39-3012,Gaming and Sports Book Writers and Runners,8950.0,2762.727272727294,-69.131538852209,9.8,1.8
39-3021,Motion Picture Projectionists,1480.0,-3756.8181818181183,-353.839066339062,1.4,-6.2
39-3031,"Ushers, Lobby Attendants, and Ticket Takers",121770.0,94401.3636363633,-22.475680679672088,125.6,0.9
39-3091,Amusement and Recreation Attendants,397830.0,460252.2727272734,15.690690176023278,423.6,3.7
39-3092,Costume Attendants,6510.0,5363.636363636353,-17.60927244798229,7.0,5.9
39-3093,"Locker Room, Coatroom, and Dressing Room Attendants",15560.0,8420.90909090906,-45.88104697359216,17.1,6.4
39-4011,Embalmers,3890.0,3452.7272727272793,-11.240944145828296,4.0,0.7
39-4021,Funeral Attendants,31090.0,25856.81818181812,-16.832363519401355,32.1,2.6
39-4031,"Morticians, Undertakers, and Funeral Directors",25100.0,23664.09090909091,-5.7207533502354115,27.5,3.0
39-5011,Barbers,15000.0,13743.181818181823,-8.378787878787843,78.3,3.3
39-5012,"Hairdressers, Hairstylists, and Cosmetologists",305710.0,208625.90909090824,-31.75692352526635,640.9,7.7
39-5091,"Makeup Artists, Theatrical and Performance",2340.0,2467.7272727272793,5.45843045843074,4.6,6.1
39-5092,Manicurists and Pedicurists,152770.0,219797.2727272734,43.87463031175846,220.4,9.2
39-5093,Shampooers,8070.0,-1968.6363636362366,-124.39450264728917,16.2,5.6
39-5094,Skincare Specialists,72890.0,102095.0,40.06722458499109,113.3,8.8
39-6011,Baggage Porters and Bellhops,28510.0,2265.4545454550534,-92.05382481425796,28.4,-3.0
39-6012,Concierges,49240.0,58119.54545454495,18.03319548039185,51.5,2.6
39-9011,Childcare Workers,518910.0,387615.4545454569,-25.301987908219747,990.4,-2.0
39-9031,Fitness Trainers and Aerobics Instructors,322930.0,328999.0909090908,1.8793828102346712,416.9,7.3
39-9032,Recreation Workers,331490.0,237533.18181818165,-28.343786594412606,361.9,4.3
39-9041,Residential Advisors,84760.0,53850.45454545412,-36.4671371573217,97.4,3.5
41-1011,First-Line Supervisors of Retail Sales Workers,1121800.0,976359.0909090936,-12.964958913434335,1367.4,-3.7
41-1012,First-Line Supervisors of Non-Retail Sales Workers,214390.0,184492.27272727247,-13.945485924123105,313.6,0.5
41-2011,Cashiers,3089410.0,2671792.727272734,-13.51770314484856,2905.7,-6.5
41-2012,Gaming Change Persons and Booth Cashiers,21530.0,16279.545454545412,-24.3866908753116,21.6,-1.9
41-2021,Counter and Rental Clerks,400810.0,304390.45454545505,-24.0561726140927,421.9,3.0
41-2022,Parts Salespersons,270070.0,292980.9090909092,8.483322505613055,281.6,3.0
41-2031,Retail Salespersons,3897860.0,2566053.6363636255,-34.16762951045893,3984.1,-0.3
41-3011,Advertising Sales Agents,91700.0,31482.272727273405,-65.66818677505627,92.2,-7.2
41-3021,Insurance Sales Agents,479100.0,576400.9090909101,20.30910229407433,591.4,3.3
41-3031,"Securities, Commodities, and Financial Services Sales Agents",489570.0,647926.3636363633,32.34601050643693,538.5,1.4
41-3041,Travel Agents,55110.0,34522.27272727294,-37.357516372213865,61.7,0.2
41-3091,"Sales Representatives of Services, Except Advertising, Insurance, Financial Services, and Travel",1256010.0,1653006.0714285672,31.607715816638976,1306.7,2.7
41-4011,"Sales Representatives, Wholesale and Manufacturing, Technical and Scientific Products",284800.0,233858.18181818165,-17.88687436159352,295.5,1.2
41-4012,"Sales Representatives, Wholesale and Manufacturing, Except Technical and Scientific Products",1238190.0,1048667.2727272734,-15.3064333642435,1268.2,-0.9
41-9011,Demonstrators and Product Promoters,64520.0,13849.545454544947,-78.53449247590677,70.5,0.2
41-9012,Models,3780.0,2772.7272727272793,-26.64742664742647,4.1,-2.1
41-9021,Real Estate Brokers,46100.0,63275.45454545459,37.25695129165854,104.3,0.8
41-9022,Real Estate Sales Agents,193370.0,253462.72727272846,31.076551312369272,434.5,1.7
41-9031,Sales Engineers,51790.0,32985.0,-36.310098474609,53.0,2.8
41-9041,Telemarketers,58430.0,-127990.0,-319.04843402361803,47.8,-21.4
41-9091,"Door-to-Door Sales Workers, News and Street Vendors, and Related Workers",2760.0,1246.363636363647,-54.841897233201195,45.6,-10.4
43-1011,First-Line Supervisors of Office and Administrative Support Workers,1436680.0,1517819.0909090918,5.647680131211665,1507.0,0.1
43-2011,"Switchboard Operators, Including Answering Service",34280.0,-37666.81818181835,-209.8798663413604,26.2,-26.0
43-2021,Telephone Operators,3430.0,-2720.0,-179.30029154518948,2.5,-27.6
43-3011,Bill and Account Collectors,158830.0,-1710.0,-101.07662280425613,143.4,-10.4
43-3021,Billing and Posting Clerks,404060.0,323016.8181818165,-20.057214725086254,417.7,-0.1
43-3031,"Bookkeeping, Accounting, and Auditing Clerks",1373680.0,1296448.1818181798,-5.622256870728278,1446.8,-5.6
43-3041,Gaming Cage Workers,14430.0,5810.000000000233,-59.736659736658126,14.6,-3.1
43-3051,Payroll and Timekeeping Clerks,153140.0,148389.54545454553,-3.1020337896398535,134.3,-15.9
43-3061,Procurement Clerks,55810.0,41854.999999999534,-25.004479483964282,52.3,-8.1
43-3071,Tellers,329480.0,108500.90909090638,-67.06904543799126,294.5,-13.2
43-4011,Brokerage Clerks,35940.0,13880.454545454122,-61.37881317347211,34.1,-7.6
43-4021,Correspondence Clerks,4290.0,2883.636363636353,-32.782369146005756,4.5,-5.6
43-4031,"Court, Municipal, and License Clerks",179750.0,221780.90909090824,23.382981413578996,193.3,3.4
43-4041,"Credit Authorizers, Checkers, and Clerks",12030.0,-23434.090909089893,-294.79709816367324,11.3,-7.4
43-4051,Customer Service Representatives,2595750.0,2808160.0000000005,8.18299142829627,2524.1,-5.3
43-4061,"Eligibility Interviewers, Government Programs",154800.0,180620.90909090824,16.680173831336077,165.3,1.6
43-4071,File Clerks,73440.0,2580.4545454550534,-96.48630917013202,64.2,-15.8
43-4081,"Hotel, Motel, and Resort Desk Clerks",261420.0,262110.4545454546,0.2641169556478417,269.5,1.8
43-4111,"Interviewers, Except Eligibility and Loan",148060.0,113256.81818181835,-23.506133876929386,137.6,-10.4
43-4121,"Library Assistants, Clerical",85520.0,58659.54545454588,-31.40838931881913,83.8,-6.4
43-4131,Loan Interviewers and Clerks,164790.0,148322.72727272846,-9.992883504625002,165.0,-2.4
43-4141,New Accounts Clerks,36860.0,32376.81818181812,-12.162728752528166,35.5,-6.5
43-4151,Order Clerks,75200.0,-39545.0,-152.58643617021278,65.1,-17.5
43-4161,"Human Resources Assistants, Except Payroll and Timekeeping",90220.0,35039.54545454495,-61.16210878458773,90.5,-6.2
43-4171,Receptionists and Information Clerks,910180.0,907272.2727272734,-0.31946727820064114,931.6,-1.7
43-4181,Reservation and Transportation Ticket Agents and Travel Clerks,118710.0,83370.45454545412,-29.769644894740022,123.1,2.5
43-5011,Cargo and Freight Agents,97670.0,114476.81818181835,17.20775896571962,106.4,6.2
43-5021,Couriers and Messengers,68640.0,65823.18181818188,-4.103756092392363,247.1,8.0
43-5031,"Police, Fire, and Ambulance Dispatchers",102500.0,106077.7272727273,3.490465631929067,109.5,3.7
43-5032,"Dispatchers, Except Police, Fire, and Ambulance",202810.0,215474.09090909106,6.244312858878288,202.1,-0.7
43-5041,"Meter Readers, Utilities",19430.0,-1659.5454545458779,-108.54115004912958,17.6,-10.5
43-5051,Postal Service Clerks,73720.0,71724.09090909082,-2.707418734277232,70.7,-0.3
43-5052,Postal Service Mail Carriers,328820.0,338026.3636363636,2.7998186352300922,315.5,-0.3
43-5053,"Postal Service Mail Sorters, Processors, and Processing Machine Operators",105200.0,114855.90909090906,9.178620808848915,95.9,-5.3
43-5061,"Production, Planning, and Expediting Clerks",390160.0,485310.4545454532,24.38754729994187,387.1,-1.3
43-5071,"Shipping, Receiving, and Traffic Clerks",816870.0,1082938.1818181872,32.57166768496667,765.0,-7.6
43-5111,"Weighers, Measurers, Checkers, and Samplers, Recordkeeping",53300.0,22618.18181818165,-57.56438683267984,51.0,-4.8
43-6011,Executive Secretaries and Executive Administrative Assistants,459910.0,223724.09090909362,-51.354810526169544,489.2,0.0
43-6012,Legal Secretaries,156280.0,97970.45454545505,-37.310945389394,149.3,-5.2
43-6013,Medical Secretaries,961610.0,1214364.0909090936,26.284469889985925,1026.1,4.8
43-6014,"Secretaries and Administrative Assistants, Except Legal, Medical, and Executive",1706790.0,969816.3636363745,-43.17892865341521,1775.7,-6.0
43-9021,Data Entry Keyers,127080.0,63189.54545454495,-50.27577474461366,98.2,-25.5
43-9022,Word Processors and Typists,35010.0,-6411.818181818351,-118.31424787723037,26.5,-34.4
43-9031,Desktop Publishers,3350.0,-7440.454545454588,-322.1031207598384,4.0,-14.5
43-9041,Insurance Claims and Policy Processing Clerks,214260.0,156576.81818181835,-26.922048827677425,234.7,-1.9
43-9051,"Mail Clerks and Mail Machine Operators, Except Postal Service",55230.0,18634.090909090824,-66.26092538640083,53.6,-7.2
43-9061,"Office Clerks, General",2464940.0,1802888.6363636255,-26.858721252297197,2443.7,-6.0
43-9071,"Office Machine Operators, Except Computer",25130.0,-20864.090909089893,-183.02463553159527,21.9,-14.9
43-9081,Proofreaders and Copy Markers,4580.0,-4109.545454545412,-189.72806669313127,8.5,-0.9
43-9111,Statistical Assistants,4710.0,-2914.0909090910573,-161.8702953097889,5.0,-1.8
45-1011,"First-Line Supervisors of Farming, Fishing, and Forestry Workers",27960.0,40208.63636363624,43.80771231629556,59.8,3.8
45-2011,Agricultural Inspectors,14410.0,11740.45454545453,-18.5256450697118,18.2,2.3
45-2021,Animal Breeders,1330.0,1345.454545454546,1.1619958988380414,7.1,3.0
45-2041,"Graders and Sorters, Agricultural Products",25180.0,5494.090909090824,-78.1807350711246,43.8,-3.4
45-2091,Agricultural Equipment Operators,28500.0,31878.636363636353,11.854864433811766,72.6,8.6
45-2092,"Farmworkers and Laborers, Crop, Nursery, and Greenhouse",265500.0,253409.09090909082,-4.55401472350628,533.6,-2.4
45-2093,"Farmworkers, Farm, Ranch, and Aquacultural Animals",32810.0,31458.181818181823,-4.120140755312943,195.7,-3.2
45-4011,Forest and Conservation Workers,6050.0,4121.363636363589,-31.87828700225473,14.5,-1.5
45-4021,Fallers,3130.0,1777.727272727294,-43.203601510310094,3.9,-9.9
45-4022,Logging Equipment Operators,21060.0,16947.272727272706,-19.52861952861963,28.2,-3.8
45-4023,Log Graders and Scalers,3070.0,4079.0909090909117,32.86941071957367,4.3,-2.2
47-1011,First-Line Supervisors of Construction Trades and Extraction Workers,812210.0,1133882.7272727266,39.60462531521732,959.4,5.0
47-2011,Boilermakers,10190.0,3802.272727272706,-62.686234276028394,10.1,-1.8
47-2021,Brickmasons and Blockmasons,52550.0,40924.999999999534,-22.121788772598414,63.1,1.1
47-2022,Stonemasons,7820.0,2925.454545454355,-62.59009532667065,8.8,-5.4
47-2031,Carpenters,670090.0,708201.3636363638,5.6874992368732205,924.7,3.9
47-2041,Carpet Installers,13780.0,-275.0,-101.99564586357039,14.5,-16.4
47-2042,"Floor Layers, Except Carpet, Wood, and Hard Tiles",23640.0,42288.63636363624,78.88594062451877,32.4,9.0
47-2043,Floor Sanders and Finishers,3720.0,3773.1818181818235,1.429618768328588,4.7,1.4
47-2044,Tile and Marble Setters,35850.0,42516.36363636365,18.595156586788416,49.6,9.8
47-2051,Cement Masons and Concrete Finishers,206170.0,248190.45454545412,20.38145925471898,208.1,1.6
47-2053,Terrazzo Workers and Finishers,1180.0,-977.7272727272939,-182.85824345146557,1.0,-13.0
47-2061,Construction Laborers,1096780.0,1233227.2727272734,12.440714886054943,1598.6,7.3
47-2071,"Paving, Surfacing, and Tamping Equipment Operators",41820.0,30720.909090909176,-26.54015042824205,41.9,-0.9
47-2072,Pile-Driver Operators,2310.0,1862.727272727294,-19.362455726091174,2.2,-5.7
47-2073,Operating Engineers and Other Construction Equipment Operators,478090.0,599293.1818181798,25.351540885226587,511.8,4.6
47-2081,Drywall and Ceiling Tile Installers,83080.0,78246.36363636353,-5.818050509913902,104.7,2.5
47-2082,Tapers,12840.0,7008.6363636364695,-45.41560464457579,15.5,-1.6
47-2111,Electricians,757220.0,895174.0909090899,18.218495405442262,896.9,9.2
47-2121,Glaziers,58480.0,69386.81818181835,18.650509886830285,60.3,1.9
47-2131,"Insulation Workers, Floor, Ceiling, and Wall",44440.0,54198.6363636367,21.95912773095568,46.2,2.4
47-2132,"Insulation Workers, Mechanical",25660.0,22467.272727272706,-12.442428966201458,28.1,5.1
47-2141,"Painters, Construction and Maintenance",225190.0,224188.6363636364,-0.44467500171570173,336.7,3.0
47-2142,Paperhangers,1570.0,-65.0,-104.14012738853503,2.4,4.3
47-2151,Pipelayers,33050.0,25159.545454545412,-23.874295145097086,32.2,-3.1
47-2152,"Plumbers, Pipefitters, and Steamfitters",465840.0,501955.90909090824,7.752857009039207,545.2,6.8
47-2161,Plasterers and Stucco Masons,19310.0,20148.181818181823,4.340661927404575,23.6,2.8
47-2171,Reinforcing Iron and Rebar Workers,13800.0,9042.272727272706,-34.47628458498039,15.7,-5.3
47-2181,Roofers,135490.0,162900.90909090918,20.230946262387757,175.6,5.3
47-2211,Sheet Metal Workers,119770.0,95450.0,-20.305585705936377,134.4,2.5
47-2221,Structural Iron and Steel Workers,68380.0,61522.272727272706,-10.02884947751871,70.4,3.1
47-2231,Solar Photovoltaic Installers,31350.0,56261.36363636423,79.4620849644792,42.4,36.5
47-3011,"Helpers--Brickmasons, Blockmasons, Stonemasons, and Tile and Marble Setters",14170.0,3878.6363636367023,-72.62783088470923,12.5,-11.7
47-3012,Helpers--Carpenters,21680.0,4407.727272727527,-79.66915464609075,21.5,-1.7
47-3013,Helpers--Electricians,63630.0,57945.454545454355,-8.933750517909234,65.4,0.6
47-3014,"Helpers--Painters, Paperhangers, Plasterers, and Stucco Masons",7490.0,2927.727272727294,-60.91151838815362,7.7,1.5
47-3015,"Helpers--Pipelayers, Plumbers, Pipefitters, and Steamfitters",44330.0,29755.454545455053,-32.87738654307455,46.4,2.4
47-3016,Helpers--Roofers,6030.0,-1394.5454545454122,-123.12679029096869,6.1,-0.1
47-4011,Construction and Building Inspectors,146720.0,198919.0909090899,35.577352037275006,153.9,0.0
47-4021,Elevator Installers and Repairers,23790.0,24983.18181818181,5.015476326951697,26.1,5.7
47-4031,Fence Erectors,24480.0,27365.0,11.785130718954248,32.3,5.6
47-4041,Hazardous Materials Removal Workers,51710.0,59133.18181818188,14.355408660185423,53.5,1.5
47-4051,Highway Maintenance Workers,154960.0,159699.5454545454,3.0585605669498013,167.3,3.4
47-4061,Rail-Track Laying and Maintenance Equipment Operators,19580.0,24966.363636363763,27.509518061101957,17.7,1.5
47-4071,Septic Tank Servicers and Sewer Pipe Cleaners,30650.0,32804.09090909094,7.028029067180884,34.4,7.8
47-5011,"Derrick Operators, Oil and Gas",10590.0,5242.2727272728225,-50.49789681517637,10.9,1.6
47-5012,"Rotary Drill Operators, Oil and Gas",12600.0,772.2727272727061,-93.87085137085154,12.9,0.8
47-5013,"Service Unit Operators, Oil, Gas, and Mining",43140.0,29823.636363636237,-30.86778775234994,44.3,1.1
47-5022,"Excavating and Loading Machine and Dragline Operators, Surface Mining",34480.0,16015.000000000466,-53.55278422273647,35.0,1.0
47-5023,"Earth Drillers, Except Oil and Gas",19450.0,24776.0,27.383033419023135,20.2,3.6
47-5032,"Explosives Workers, Ordnance Handling Experts, and Blasters",5100.0,5610.0,10.0,5.2,0.0
47-5041,Continuous Mining Machine Operators,14000.0,18212.727272727177,30.09090909090841,14.4,3.2
47-5043,"Roof Bolters, Mining",2160.0,985.3571428571595,-54.38161375661299,1.8,-18.9
47-5044,"Loading and Moving Machine Operators, Underground Mining",5930.0,10105.714285714319,70.41676704408633,5.0,-15.8
47-5051,"Rock Splitters, Quarry",3320.0,2744.5454545454704,-17.332968236582218,3.7,5.8
47-5071,"Roustabouts, Oil and Gas",44970.0,17942.727272727527,-60.1006731760562,47.1,3.6
47-5081,Helpers--Extraction Workers,6700.0,-11865.454545454588,-277.0963364993222,7.2,1.7
49-1011,"First-Line Supervisors of Mechanics, Installers, and Repairers",617500.0,796763.636363633,29.030548398968904,654.5,4.1
49-2011,"Computer, Automated Teller, and Office Machine Repairers",65600.0,29256.363636363298,-55.401884700665704,69.9,-3.0
49-2021,"Radio, Cellular, and Tower Equipment Installers and Repairers",11140.0,7974.090909090824,-28.419291659866925,11.4,1.2
49-2022,"Telecommunications Equipment Installers and Repairers, Except Line Installers",140920.0,45482.272727273405,-67.724756793022,138.4,-3.3
49-2091,Avionics Technicians,18830.0,23612.272727272823,25.3970936127075,21.6,9.4
49-2092,"Electric Motor, Power Tool, and Related Repairers",14450.0,12905.90909090906,-10.685750235923466,16.8,4.4
49-2093,"Electrical and Electronics Installers and Repairers, Transportation Equipment",6940.0,-772.7272727272939,-111.13439874246822,6.9,5.4
49-2094,"Electrical and Electronics Repairers, Commercial and Industrial Equipment",65010.0,47350.45454545459,-27.16435233740257,65.7,0.3
49-2095,"Electrical and Electronics Repairers, Powerhouse, Substation, and Relay",20720.0,22432.27272727272,8.263864513864482,22.9,9.7
49-2096,"Electronic Equipment Installers and Repairers, Motor Vehicles",8550.0,5099.545454545412,-40.356193514088744,7.4,-14.5
49-2097,Electronic Home Entertainment Equipment Installers and Repairers,19780.0,15444.090909090824,-21.920672855961453,23.4,4.8
49-2098,Security and Fire Alarm Systems Installers,86340.0,106184.54545454541,22.98418514540817,92.1,6.8
49-3011,Aircraft Mechanics and Service Technicians,138090.0,147658.63636363624,6.929275373768004,147.6,5.4
49-3021,Automotive Body and Related Repairers,149310.0,155981.81818181812,4.468433582357591,169.3,3.7
49-3022,Automotive Glass Installers and Repairers,20310.0,18401.363636363636,-9.397520254241083,23.9,5.7
49-3023,Automotive Service Technicians and Mechanics,704640.0,739650.9090909082,4.968623565353691,866.7,5.0
49-3031,Bus and Truck Mechanics and Diesel Engine Specialists,289960.0,323125.90909090824,11.4380980448711,327.4,3.6
49-3041,Farm Equipment Mechanics and Service Technicians,37870.0,38480.45454545459,1.611973977962999,46.4,10.7
49-3042,"Mobile Heavy Equipment Mechanics, Except Engines",176600.0,241545.4545454532,36.77545557500181,192.5,6.7
49-3043,Rail Car Repairers,21350.0,16273.636363636237,-23.77687885884667,20.6,2.6
49-3051,Motorboat Mechanics and Service Technicians,23220.0,28041.363636363647,20.763839949886506,26.2,4.9
49-3052,Motorcycle Mechanics,13510.0,11371.363636363647,-15.830024897382334,14.5,2.1
49-3053,Outdoor Power Equipment and Other Small Engine Mechanics,36060.0,40524.54545454553,12.380880350930473,39.2,2.3
49-3091,Bicycle Repairers,12170.0,13794.545454545456,13.348771195936369,11.5,-5.7
49-3092,Recreational Vehicle Service Technicians,17430.0,23867.727272727294,36.93475199499308,19.2,9.7
49-3093,Tire Repairers and Changers,108410.0,93820.0,-13.458168065676599,116.0,3.4
49-9011,Mechanical Door Repairers,27120.0,38483.18181818188,41.89963797264706,30.3,6.4
49-9012,"Control and Valve Installers and Repairers, Except Mechanical Door",48240.0,49835.0,3.3063847429519075,52.6,4.3
49-9021,"Heating, Air Conditioning, and Refrigeration Mechanics and Installers",409670.0,548030.9090909101,33.77374694044234,489.1,10.9
49-9031,Home Appliance Repairers,32150.0,27089.090909090824,-15.741552382299146,41.3,1.9
49-9041,Industrial Machinery Mechanics,439640.0,539673.1818181798,22.75343049271672,526.6,17.8
49-9043,"Maintenance Workers, Machinery",60020.0,13345.909090908244,-77.76423010511789,58.6,-1.9
49-9044,Millwrights,40330.0,38879.54545454541,-3.5964655230711324,41.0,0.9
49-9045,"Refractory Materials Repairers, Except Brickmasons",1080.0,-39.09090909088263,-103.61952861952616,0.9,-13.7
49-9051,Electrical Power-Line Installers and Repairers,131070.0,137416.81818181835,4.842311880535859,145.5,10.3
49-9052,Telecommunications Line Installers and Repairers,97720.0,91540.45454545412,-6.323726416850059,99.9,-3.4
49-9061,Camera and Photographic Equipment Repairers,1650.0,-369.09090909088263,-122.36914600550803,1.5,-15.5
49-9062,Medical Equipment Repairers,65990.0,91440.45454545412,38.56713827163831,80.9,12.6
49-9063,Musical Instrument Repairers and Tuners,5380.0,2413.1818181817653,-55.1453193646512,6.1,1.9
49-9064,Watch Repairers,1310.0,816.8181818181765,-37.64746703678042,1.4,-0.3
49-9071,"Maintenance and Repair Workers, General",1529700.0,1765533.1818181798,15.416956384793082,1690.5,4.2
49-9081,Wind Turbine Service Technicians,9980.0,19056.36363636353,90.94552741847225,15.3,29.5
49-9091,"Coin, Vending, and Amusement Machine Servicers and Repairers",26410.0,25432.727272727294,-3.7003889711196747,33.5,-3.4
49-9092,Commercial Divers,3450.0,3184.545454545456,-7.694334650856352,4.2,4.8
49-9094,Locksmiths and Safe Repairers,15040.0,11002.727272727294,-26.84356866537704,16.5,-11.7
49-9095,Manufactured Building and Mobile Home Installers,3020.0,2690.4545454545514,-10.912101143889027,3.7,5.8
49-9096,Riggers,22530.0,23239.54545454544,3.1493362385505606,23.4,3.9
49-9097,Signal and Track Switch Repairers,8720.0,8419.090909090912,-3.4507923269390854,8.9,1.8
49-9098,"Helpers--Installation, Maintenance, and Repair Workers",95580.0,62701.36363636423,-34.3990755007698,102.2,5.3
49-9099,"Installation, Maintenance, and Repair Workers, All Other",176300.0,219277.2727272734,24.377352653019514,210.6,2.6
51-1011,First-Line Supervisors of Production and Operating Workers,673430.0,759075.9090909082,12.717863637038482,692.3,1.8
51-2011,"Aircraft Structure, Surfaces, Rigging, and Systems Assemblers",34020.0,17603.18181818165,-48.25637325637375,32.5,-5.6
51-2021,"Coil Winders, Tapers, and Finishers",12840.0,9261.363636363647,-27.870999716794024,12.4,-4.0
51-2031,Engine and Other Machine Assemblers,34000.0,44072.727272727265,29.62566844919784,27.8,-17.0
51-2041,Structural Metal Fabricators and Fitters,52360.0,20752.272727272473,-60.366171261893676,49.0,-6.2
51-2051,Fiberglass Laminators and Fabricators,16170.0,14808.571428571478,-8.419471684777498,17.0,4.6
51-2061,Timing Device Assemblers and Adjusters,250.0,-1614.6428571428405,-745.8571428571363,0.2,-6.1
51-3011,Bakers,236200.0,285812.72727272846,21.004541605727546,276.9,5.5
51-3021,Butchers and Meat Cutters,136430.0,141467.2727272727,3.6922031278111165,141.7,2.4
51-3022,"Meat, Poultry, and Fish Cutters and Trimmers",145700.0,119380.90909090871,-18.063892181943235,158.3,5.7
51-3023,Slaughterers and Meat Packers,69950.0,62110.0,-11.208005718370265,72.6,2.0
51-3091,"Food and Tobacco Roasting, Baking, and Drying Machine Operators and Tenders",20370.0,19089.54545454547,-6.285982059177858,21.7,0.4
51-3092,Food Batchmakers,174520.0,207358.18181818165,18.816285708332366,188.2,6.5
51-3093,Food Cooking Machine Operators and Tenders,31250.0,19912.72727272706,-36.2792727272734,31.2,-0.3
51-4021,"Extruding and Drawing Machine Setters, Operators, and Tenders, Metal and Plastic",60840.0,47289.090909090824,-22.273026119180102,61.4,0.7
51-4022,"Forging Machine Setters, Operators, and Tenders, Metal and Plastic",8930.0,-5423.181818181649,-160.72991957650223,7.4,-17.2
51-4023,"Rolling Machine Setters, Operators, and Tenders, Metal and Plastic",25250.0,20140.454545454588,-20.235823582358066,23.2,-8.3
51-4031,"Cutting, Punching, and Press Machine Setters, Operators, and Tenders, Metal and Plastic",171200.0,150928.6363636367,-11.840749787595383,153.1,-10.5
51-4032,"Drilling and Boring Machine Tool Setters, Operators, and Tenders, Metal and Plastic",4680.0,-5839.545454545412,-224.77661227661136,4.2,-9.5
51-4033,"Grinding, Lapping, Polishing, and Buffing Machine Tool Setters, Operators, and Tenders, Metal and Plastic",67000.0,64899.54545454553,-3.1350067842604052,61.1,-10.8
51-4034,"Lathe and Turning Machine Tool Setters, Operators, and Tenders, Metal and Plastic",16710.0,-6718.636363636702,-140.20727925575525,14.8,-11.3
51-4035,"Milling and Planing Machine Setters, Operators, and Tenders, Metal and Plastic",12460.0,6155.909090909176,-50.594630089011424,10.8,-13.2
51-4041,Machinists,287050.0,159757.2727272734,-44.34514101122682,291.2,1.0
51-4051,Metal-Refining Furnace Operators and Tenders,16780.0,18771.81818181819,11.870191786759184,16.3,-2.9
51-4052,"Pourers and Casters, Metal",4560.0,527.7272727272939,-88.4270334928225,4.3,-5.0
51-4061,"Model Makers, Metal and Plastic",2610.0,-1747.272727272706,-166.9453152211765,2.2,-17.3
51-4062,"Patternmakers, Metal and Plastic",1470.0,-894.5454545454704,-160.8534322820048,1.1,-22.8
51-4071,Foundry Mold and Coremakers,12790.0,11044.090909090883,-13.650579287796068,9.8,-23.0
51-4072,"Molding, Coremaking, and Casting Machine Setters, Operators, and Tenders, Metal and Plastic",150470.0,172553.18181818188,14.676135986031689,144.9,-3.4
51-4081,"Multiple Machine Tool Setters, Operators, and Tenders, Metal and Plastic",124590.0,150271.81818181835,20.613065399966572,127.9,0.6
51-4111,Tool and Die Makers,56930.0,33944.54545454495,-40.374942113920696,51.5,-9.2
51-4121,"Welders, Cutters, Solderers, and Brazers",416210.0,465886.3636363633,11.935408480421733,448.1,2.4
51-4122,"Welding, Soldering, and Brazing Machine Setters, Operators, and Tenders",31600.0,12103.636363636237,-61.69735327963216,30.0,-8.9
51-4191,"Heat Treating Equipment Setters, Operators, and Tenders, Metal and Plastic",14000.0,6290.909090909176,-55.06493506493446,13.0,-9.5
51-4192,"Layout Workers, Metal and Plastic",5970.0,1263.1818181818817,-78.84117557484285,5.9,-3.4
51-4193,"Plating and Coating Machine Setters, Operators, and Tenders, Metal and Plastic",32410.0,25325.454545454355,-21.859134386132816,30.1,-9.7
51-4194,"Tool Grinders, Filers, and Sharpeners",5600.0,654.5454545454122,-88.31168831168907,5.4,-6.8
51-5111,Prepress Technicians and Workers,23840.0,9615.909090909176,-59.664810860280305,20.9,-15.3
51-5112,Printing Press Operators,144260.0,111107.72727272753,-22.980918291468512,131.4,-8.7
51-5113,Print Binding and Finishing Workers,33180.0,14825.0,-55.319469559975886,26.6,-17.5
51-6011,Laundry and Dry-Cleaning Workers,198040.0,157409.09090909082,-20.516516406235695,213.7,4.3
51-6021,"Pressers, Textile, Garment, and Related Materials",26120.0,-393.18181818164885,-101.50529026868931,22.2,-15.7
51-6031,Sewing Machine Operators,104880.0,66959.54545454588,-36.15603980306457,99.5,-15.1
51-6041,Shoe and Leather Workers and Repairers,7450.0,6779.999999999985,-8.993288590604221,9.6,-6.5
51-6042,Shoe Machine Operators and Tenders,3280.0,3664.090909090909,11.710088691796008,4.2,-6.9
51-6051,"Sewers, Hand",2190.0,-2899.545454545412,-232.39933582399144,4.6,-12.0
51-6052,"Tailors, Dressmakers, and Custom Sewers",13920.0,7456.818181818351,-46.430903866247476,30.3,-8.8
51-6061,Textile Bleaching and Dyeing Machine Operators and Tenders,5310.0,-1393.6363636362366,-126.24550590652046,5.0,-12.5
51-6062,"Textile Cutting Machine Setters, Operators, and Tenders",9000.0,2264.0909090910573,-74.8434343434327,8.2,-13.6
51-6063,"Textile Knitting and Weaving Machine Setters, Operators, and Tenders",13030.0,4277.727272727294,-67.17016674806374,12.0,-13.7
51-6064,"Textile Winding, Twisting, and Drawing Out Machine Setters, Operators, and Tenders",22020.0,10706.363636363763,-51.37891173313459,21.0,-10.3
51-6091,"Extruding and Forming Machine Setters, Operators, and Tenders, Synthetic and Glass Fibers",12850.0,5931.3636363635305,-53.84152812168459,13.0,-3.3
51-6092,Fabric and Apparel Patternmakers,2950.0,-490.0,-116.61016949152543,2.6,-15.0
51-6093,Upholsterers,20140.0,10082.727272727527,-49.93680599440155,22.2,-2.3
51-7011,Cabinetmakers and Bench Carpenters,77170.0,64932.27272727247,-15.858140822505543,79.4,-2.9
51-7021,Furniture Finishers,14480.0,10922.272727272823,-24.56993972877885,15.3,-3.5
51-7031,"Model Makers, Wood",280.0,-447.7272727272648,-259.9025974025946,0.7,-3.3
51-7032,"Patternmakers, Wood",220.0,-808.1818181818235,-467.35537190082886,0.6,-2.0
51-7041,"Sawing Machine Setters, Operators, and Tenders, Wood",40850.0,32309.545454545412,-20.90686547234905,40.8,-1.0
51-7042,"Woodworking Machine Setters, Operators, and Tenders, Except Sawing",61420.0,41134.54545454541,-33.02744146117647,59.4,-2.5
51-8011,Nuclear Power Reactor Operators,5150.0,3415.909090909059,-33.67166813768817,4.9,-5.9
51-8012,Power Distributors and Dispatchers,8520.0,5008.181818181882,-41.21852326077604,8.7,1.2
51-8013,Power Plant Operators,29320.0,22369.545454545645,-23.705506635246778,28.3,-5.1
51-8021,Stationary Engineers and Boiler Operators,28250.0,25776.81818181812,-8.754625905068607,32.2,3.1
51-8031,Water and Wastewater Treatment Plant and System Operators,128490.0,136139.09090909082,5.953063202654545,123.5,-5.7
51-8091,Chemical Plant and System Operators,16610.0,-4280.909090909176,-125.77308302774941,15.9,-5.2
51-8092,Gas Plant Operators,18030.0,16156.363636363632,-10.391771290273809,17.1,-6.0
51-8093,"Petroleum Pump System Operators, Refinery Operators, and Gaugers",33160.0,22193.63636363647,-33.07106042329171,32.3,-1.9
51-8099,"Plant and System Operators, All Other",14080.0,20130.90909090906,42.97520661157002,14.6,2.3
51-9011,Chemical Equipment Operators and Tenders,139630.0,206302.7272727266,47.74957192059485,145.8,3.6
51-9012,"Separating, Filtering, Clarifying, Precipitating, and Still Machine Setters, Operators, and Tenders",60100.0,65561.36363636353,9.087127514747971,57.9,-5.7
51-9021,"Crushing, Grinding, and Polishing Machine Setters, Operators, and Tenders",26000.0,22214.545454545412,-14.559440559440723,26.1,-1.7
51-9022,"Grinding and Polishing Workers, Hand",10510.0,-12494.545454544947,-218.8824496150804,8.7,-19.2
51-9023,"Mixing and Blending Machine Setters, Operators, and Tenders",94920.0,59220.0,-37.610619469026545,91.4,-6.1
51-9031,"Cutters and Trimmers, Hand",6060.0,-3715.454545454588,-161.31113111311203,4.8,-18.9
51-9032,"Cutting and Slicing Machine Setters, Operators, and Tenders",44980.0,30320.90909090871,-32.59024212781523,45.5,-0.9
51-9041,"Extruding, Forming, Pressing, and Compacting Machine Setters, Operators, and Tenders",58770.0,35099.090909090824,-40.277197704456654,59.2,1.5
51-9051,"Furnace, Kiln, Oven, Drier, and Kettle Operators and Tenders",14280.0,8644.090909091057,-39.467150496561224,14.9,2.6
51-9061,"Inspectors, Testers, Sorters, Samplers, and Weighers",597370.0,681150.0,14.024808744998913,617.2,2.5
51-9071,Jewelers and Precious Stone and Metal Workers,22440.0,20127.272727272706,-10.306271268838207,31.8,-3.2
51-9081,Dental Laboratory Technicians,34410.0,29740.000000000116,-13.571636152280975,32.3,-5.9
51-9082,Medical Appliance Technicians,11280.0,9805.454545454471,-13.072211476467452,11.7,3.5
51-9083,Ophthalmic Laboratory Technicians,18660.0,3976.818181818351,-78.68800545649329,19.0,2.2
51-9111,Packaging and Filling Machine Operators and Tenders,379060.0,358482.27272727294,-5.42862007933495,393.3,4.1
51-9123,"Painting, Coating, and Decorating Workers",7940.0,1483.6363636364695,-81.314403480649,8.3,1.3
51-9124,"Coating, Painting, and Spraying Machine Setters, Operators, and Tenders",158740.0,193325.0,21.787199193649993,168.9,2.5
51-9141,Semiconductor Processors,31460.0,36106.36363636353,14.769115182337986,33.8,8.2
51-9151,Photographic Process Workers and Processing Machine Operators,4800.0,-22684.545454545878,-572.5946969697059,5.0,-5.6
51-9161,Computer Numerically Controlled Tool Operators,169450.0,231856.4285714291,36.828815917042846,154.1,-9.4
51-9162,Computer Numerically Controlled Tool Programmers,28500.0,34735.00000000023,21.877192982456958,30.3,5.9
51-9191,Adhesive Bonding Machine Operators and Tenders,11500.0,4347.727272727061,-62.1936758893299,12.2,1.3
51-9192,"Cleaning, Washing, and Metal Pickling Equipment Operators and Tenders",14760.0,9111.363636363647,-38.26989406257692,16.8,3.4
51-9193,Cooling and Freezing Equipment Operators and Tenders,6900.0,4373.636363636353,-36.61396574440068,8.1,5.9
51-9194,Etchers and Engravers,7750.0,6220.909090909117,-19.730205278592035,8.8,-0.7
51-9195,"Molders, Shapers, and Casters, Except Metal and Plastic",33190.0,29990.454545454588,-9.64008874524077,45.5,5.8
51-9196,"Paper Goods Machine Setters, Operators, and Tenders",96130.0,97840.0,1.778841152605846,92.6,-3.6
51-9197,Tire Builders,20770.0,19171.818181818177,-7.694664507375173,20.5,0.8
51-9198,Helpers--Production Workers,165700.0,-197520.90909090638,-219.2039282383261,153.6,-8.2
53-1041,Aircraft Cargo Handling Supervisors,9760.0,9977.500000000015,2.228483606557526,10.6,9.2
53-2011,"Airline Pilots, Copilots, and Flight Engineers",103560.0,117911.81818181835,13.858457108746961,113.3,8.3
53-2012,Commercial Pilots,47630.0,64920.45454545459,36.3016051762641,53.0,5.2
53-2021,Air Traffic Controllers,22510.0,20815.45454545453,-7.527967368038518,24.4,1.7
53-2022,Airfield Operations Specialists,15190.0,26673.18181818188,75.5969836615002,16.5,7.8
53-2031,Flight Attendants,131650.0,138964.54545454588,5.5560542761457485,145.5,8.8
53-3011,"Ambulance Drivers and Attendants, Except Emergency Medical Technicians",12630.0,2765.454545454355,-78.10408119196869,14.1,-1.3
53-3031,Driver/Sales Workers,409180.0,466015.9090909092,13.890197245933129,478.1,7.9
53-3032,Heavy and Tractor-Trailer Truck Drivers,2062040.0,2516295.0,22.02939807181238,2305.0,3.8
53-3033,Light Truck or Delivery Services Drivers,983300.0,1227706.8181818128,24.855773231141338,1136.4,6.3
53-3051,"Bus Drivers, School",402930.0,503338.0,24.91946491946492,399.7,0.7
53-3052,"Bus Drivers, Transit and Intercity",159240.0,137522.85714285728,-13.637994760828137,173.3,4.1
53-3053,Shuttle Drivers and Chauffeurs,248530.0,421124.0,69.44594213978192,269.4,7.1
53-4011,Locomotive Engineers,33470.0,28305.909090909176,-15.429013770812144,27.6,0.5
53-4013,"Rail Yard Engineers, Dinkey Operators, and Hostlers",3920.0,820.4545454545296,-79.0700371057518,3.6,0.8
53-4022,"Railroad Brake, Signal, and Switch Operators and Locomotive Firers",12400.0,12133.92857142858,-2.145737327188873,10.8,0.8
53-4031,Railroad Conductors and Yardmasters,46440.0,47756.81818181818,2.8355258006420683,39.2,0.9
53-4041,Subway and Streetcar Operators,10200.0,8852.272727272706,-13.213012477718566,10.9,3.7
53-5011,Sailors and Marine Oilers,31670.0,28169.09090909094,-11.054338777736215,34.1,3.2
53-5021,"Captains, Mates, and Pilots of Water Vessels",36850.0,35307.272727272735,-4.186505489083486,42.9,4.0
53-5022,Motorboat Operators,2480.0,1752.2727272727207,-29.34384164222901,2.9,4.9
53-5031,Ship Engineers,8400.0,7157.727272727294,-14.788961038960787,9.0,2.7
53-6011,Bridge and Lock Tenders,3040.0,3130.909090909092,2.990430622009602,3.1,-2.3
53-6021,Parking Lot Attendants,137880.0,90361.3636363633,-34.46376295593031,142.0,2.0
53-6031,Automotive and Watercraft Service Attendants,102010.0,80849.54545454541,-20.743509994563855,106.3,3.8
53-6032,Aircraft Service Attendants,31300.0,78108.0,149.54632587859425,32.9,5.6
53-6041,Traffic Technicians,7860.0,8973.636363636353,14.16840157298159,8.4,4.0
53-6051,Transportation Inspectors,24500.0,20550.454545454588,-16.12059369202209,25.6,2.2
53-6061,"Transportation Attendants, Except Flight Attendants",27110.0,27590.909090909176,1.7739177089973277,28.9,6.0
53-7011,Conveyor Operators and Tenders,22930.0,19120.45454545447,-16.613804860643384,28.2,-2.6
53-7021,Crane and Tower Operators,42890.0,39340.0,-8.27698764280718,44.5,3.8
53-7031,Dredge Operators,1040.0,176.36363636361784,-83.04195804195982,1.3,0.7
53-7041,Hoist and Winch Operators,2600.0,1764.5454545454704,-32.13286713286652,3.2,0.2
53-7051,Industrial Truck and Tractor Operators,774420.0,1129617.7272727266,45.86629054940815,776.3,1.5
53-7061,Cleaners of Vehicles and Equipment,380430.0,393682.72727272706,3.4836178200265646,435.8,3.9
53-7062,"Laborers and Freight, Stock, and Material Movers, Hand",2950280.0,3454789.0909090936,17.100379994749435,2991.9,1.8
53-7063,Machine Feeders and Offbearers,42330.0,-14840.0,-135.057878573116,36.3,-13.1
53-7064,"Packers and Packagers, Hand",559820.0,448614.9999999963,-19.86442070665638,528.0,-5.0
53-7065,Stockers and Order Fillers,2833810.0,4285171.071428567,51.21589208269316,3055.0,8.9
53-7071,Gas Compressor and Gas Pumping Station Operators,3510.0,4421.8181818181765,25.97772597772583,3.6,2.1
53-7072,"Pump Operators, Except Wellhead Pumpers",9780.0,9222.727272727236,-5.698085145938285,10.2,4.3
53-7073,Wellhead Pumpers,17990.0,24645.0,36.99277376320178,18.0,-2.0
53-7081,Refuse and Recyclable Material Collectors,147240.0,174464.54545454495,18.48991133832175,159.6,2.1
53-7121,"Tank Car, Truck, and Ship Loaders",10700.0,11873.181818181809,10.964316057773916,13.2,2.8
