state,series_id,year,period,unemployment_rate,year_month
California,LASST060000000000003,2023,January,4.4,2023-January
New York,LASST360000000000003,2023,January,4.0,2023-January
Texas,LASST480000000000003,2023,January,4.1,2023-January
Illinois,LASST170000000000003,2023,January,4.4,2023-January
Florida,LASST120000000000003,2023,January,2.8,2023-January
California,LASST060000000000003,2023,February,4.5,2023-February
New York,LASST360000000000003,2023,February,4.0,2023-February
Texas,LASST480000000000003,2023,February,4.1,2023-February
Illinois,LASST170000000000003,2023,February,4.3,2023-February
Florida,LASST120000000000003,2023,February,2.8,2023-February
California,LASST060000000000003,2023,March,4.5,2023-March
New York,LASST360000000000003,2023,March,4.0,2023-March
Texas,LASST480000000000003,2023,March,4.1,2023-March
Illinois,LASST170000000000003,2023,March,4.2,2023-March
Florida,LASST120000000000003,2023,March,2.8,2023-March
California,LASST060000000000003,2023,April,4.5,2023-April
New York,LASST360000000000003,2023,April,3.9,2023-April
Texas,LASST480000000000003,2023,April,4.0,2023-April
Illinois,LASST170000000000003,2023,April,4.2,2023-April
Florida,LASST120000000000003,2023,April,2.8,2023-April
California,LASST060000000000003,2023,May,4.6,2023-May
New York,LASST360000000000003,2023,May,3.9,2023-May
Texas,LASST480000000000003,2023,May,4.0,2023-May
Illinois,LASST170000000000003,2023,May,4.2,2023-May
Florida,LASST120000000000003,2023,May,2.8,2023-May
California,LASST060000000000003,2023,June,4.6,2023-June
New York,LASST360000000000003,2023,June,3.9,2023-June
Texas,LASST480000000000003,2023,June,4.0,2023-June
Illinois,LASST170000000000003,2023,June,4.3,2023-June
Florida,LASST120000000000003,2023,June,2.9,2023-June
California,LASST060000000000003,2023,July,4.7,2023-July
New York,LASST360000000000003,2023,July,4.0,2023-July
Texas,LASST480000000000003,2023,July,4.0,2023-July
Illinois,LASST170000000000003,2023,July,4.4,2023-July
Florida,LASST120000000000003,2023,July,2.9,2023-July
California,LASST060000000000003,2023,August,4.8,2023-August
New York,LASST360000000000003,2023,August,4.0,2023-August
Texas,LASST480000000000003,2023,August,4.0,2023-August
Illinois,LASST170000000000003,2023,August,4.6,2023-August
Florida,LASST120000000000003,2023,August,3.0,2023-August
California,LASST060000000000003,2023,September,4.9,2023-September
New York,LASST360000000000003,2023,September,4.1,2023-September
Texas,LASST480000000000003,2023,September,4.0,2023-September
Illinois,LASST170000000000003,2023,September,4.7,2023-September
Florida,LASST120000000000003,2023,September,3.0,2023-September
California,LASST060000000000003,2023,October,5.0,2023-October
New York,LASST360000000000003,2023,October,4.1,2023-October
Texas,LASST480000000000003,2023,October,4.0,2023-October
Illinois,LASST170000000000003,2023,October,4.8,2023-October
Florida,LASST120000000000003,2023,October,3.1,2023-October
California,LASST060000000000003,2023,November,5.0,2023-November
New York,LASST360000000000003,2023,November,4.2,2023-November
Texas,LASST480000000000003,2023,November,4.0,2023-November
Illinois,LASST170000000000003,2023,November,4.8,2023-November
Florida,LASST120000000000003,2023,November,3.1,2023-November
California,LASST060000000000003,2023,December,5.1,2023-December
New York,LASST360000000000003,2023,December,4.2,2023-December
Texas,LASST480000000000003,2023,December,4.0,2023-December
Illinois,LASST170000000000003,2023,December,4.8,2023-December
Florida,LASST120000000000003,2023,December,3.1,2023-December
California,LASST060000000000003,2024,January,5.1,2024-January
New York,LASST360000000000003,2024,January,4.1,2024-January
Texas,LASST480000000000003,2024,January,4.0,2024-January
Illinois,LASST170000000000003,2024,January,4.9,2024-January
Florida,LASST120000000000003,2024,January,3.1,2024-January
California,LASST060000000000003,2024,February,5.1,2024-February
New York,LASST360000000000003,2024,February,4.1,2024-February
Texas,LASST480000000000003,2024,February,4.0,2024-February
Illinois,LASST170000000000003,2024,February,4.9,2024-February
Florida,LASST120000000000003,2024,February,3.2,2024-February
California,LASST060000000000003,2024,March,5.2,2024-March
New York,LASST360000000000003,2024,March,4.1,2024-March
Texas,LASST480000000000003,2024,March,4.0,2024-March
Illinois,LASST170000000000003,2024,March,5.0,2024-March
Florida,LASST120000000000003,2024,March,3.2,2024-March
California,LASST060000000000003,2024,April,5.2,2024-April
New York,LASST360000000000003,2024,April,4.2,2024-April
Texas,LASST480000000000003,2024,April,4.1,2024-April
Illinois,LASST170000000000003,2024,April,5.1,2024-April
Florida,LASST120000000000003,2024,April,3.3,2024-April
California,LASST060000000000003,2024,May,5.2,2024-May
New York,LASST360000000000003,2024,May,4.2,2024-May
Texas,LASST480000000000003,2024,May,4.1,2024-May
Illinois,LASST170000000000003,2024,May,5.1,2024-May
Florida,LASST120000000000003,2024,May,3.3,2024-May
California,LASST060000000000003,2024,June,5.3,2024-June
New York,LASST360000000000003,2024,June,4.2,2024-June
Texas,LASST480000000000003,2024,June,4.1,2024-June
Illinois,LASST170000000000003,2024,June,5.1,2024-June
Florida,LASST120000000000003,2024,June,3.4,2024-June
California,LASST060000000000003,2024,July,5.4,2024-July
New York,LASST360000000000003,2024,July,4.2,2024-July
Texas,LASST480000000000003,2024,July,4.2,2024-July
Illinois,LASST170000000000003,2024,July,5.1,2024-July
Florida,LASST120000000000003,2024,July,3.4,2024-July
California,LASST060000000000003,2024,August,5.4,2024-August
New York,LASST360000000000003,2024,August,4.2,2024-August
Texas,LASST480000000000003,2024,August,4.2,2024-August
Illinois,LASST170000000000003,2024,August,5.1,2024-August
Florida,LASST120000000000003,2024,August,3.4,2024-August
California,LASST060000000000003,2024,September,5.4,2024-September
New York,LASST360000000000003,2024,September,4.2,2024-September
Texas,LASST480000000000003,2024,September,4.2,2024-September
Illinois,LASST170000000000003,2024,September,5.0,2024-September
Florida,LASST120000000000003,2024,September,3.5,2024-September
California,LASST060000000000003,2024,October,5.4,2024-October
New York,LASST360000000000003,2024,October,4.1,2024-October
Texas,LASST480000000000003,2024,October,4.2,2024-October
Illinois,LASST170000000000003,2024,October,4.9,2024-October
Florida,LASST120000000000003,2024,October,3.5,2024-October
California,LASST060000000000003,2024,November,5.4,2024-November
New York,LASST360000000000003,2024,November,4.1,2024-November
Texas,LASST480000000000003,2024,November,4.2,2024-November
Illinois,LASST170000000000003,2024,November,4.8,2024-November
Florida,LASST120000000000003,2024,November,3.5,2024-November
California,LASST060000000000003,2024,December,5.4,2024-December
New York,LASST360000000000003,2024,December,4.1,2024-December
Texas,LASST480000000000003,2024,December,4.1,2024-December
Illinois,LASST170000000000003,2024,December,4.8,2024-December
Florida,LASST120000000000003,2024,December,3.5,2024-December
